collection_slot_utc,fetched_at_utc,fetched_at_local,source_time,station_code,station_name,latitude,longitude,elevation_m,data_available,observation_count,Air Temperature (1.2m) [C],Air Temperature (5cm) [C],Extreme Day Max. Temp. [C],Extreme Day Min. Temp. [C],Wind Speed (10m) [Knots],Wind Speed (2m) [Knots],Direct Solar Radiation [W/m2],Global Radiation [W/m2],Wind Direction (10m) [Deg.],Rec. Light Work Load [%],Rec. Medium Work Load [%],Rec. Heavy Work Load [%],Relative Humidity (1.2m) [%],Accumulated Rainfall (10 min.) [mm],Atmospheric Pressure (Station Level) [hPa],24HR Rain Total [mm],Wind Speed (10m) [m/s],Wind Speed (2m) [m/s],other_observations_json
2026-07-27T14:00:00+00:00,2026-07-27T14:01:03.208902+00:00,2026-07-27T14:01:03.208902+00:00,2026-07-27 16:50 (Local Time),ACHNA,,,,,1,8,33.1,,36.8,24.7,7.4,1.7,,,192.0,,,,32.0,0.0,,,3.806886,,
2026-07-27T14:00:00+00:00,2026-07-27T14:01:03.208902+00:00,2026-07-27T14:01:03.208902+00:00,2026-07-27 16:50 (Local Time),AGROS,,,,,1,10,27.7,,31.9,19.9,4.6,2.4,807.0,602.0,3.0,,,,31.0,0.0,,,2.366442,,
2026-07-27T14:00:00+00:00,2026-07-27T14:01:03.208902+00:00,2026-07-27T14:01:03.208902+00:00,2026-07-27 16:50 (Local Time),AKAMAS,,,,,1,7,32.0,,34.9,21.8,8.3,,,,270.0,,,,28.0,0.0,,,4.269885,,
2026-07-27T14:00:00+00:00,2026-07-27T14:01:03.208902+00:00,2026-07-27T14:01:03.208902+00:00,2026-07-27 16:50 (Local Time),ALONOUDI,,,,,1,5,34.8,,36.9,16.6,,,,,,,,,22.0,0.0,,,,,
2026-07-27T14:00:00+00:00,2026-07-27T14:01:03.208902+00:00,2026-07-27T14:01:03.208902+00:00,2026-07-27 16:50 (Local Time),AMARGETI,,,,,1,9,32.9,,35.7,20.8,14.7,4.7,,,304.0,,,,26.0,0.0,959.3,,7.562327,,
2026-07-27T14:00:00+00:00,2026-07-27T14:01:03.208902+00:00,2026-07-27T14:01:03.208902+00:00,2026-07-27 16:50 (Local Time),ASTROMERITIS,,,,,1,8,32.5,,35.6,23.1,9.5,3.5,,,320.0,,,,32.0,0.0,,,4.887218,,
2026-07-27T14:00:00+00:00,2026-07-27T14:01:03.208902+00:00,2026-07-27T14:01:03.208902+00:00,2026-07-27 16:50 (Local Time),ATHALASSA,,,,,1,11,36.4,40.1,37.5,24.1,4.7,2.4,,,322.0,,,,13.0,0.0,990.6,,2.417887,,"{""Atmospheric Pressure (Mean Sea Level)"": {""unit"": ""hPa"", ""value"": 1008.5}}"
2026-07-27T14:00:00+00:00,2026-07-27T14:01:03.208902+00:00,2026-07-27T14:01:03.208902+00:00,2026-07-27 16:50 (Local Time),ATHIENOU,,,,,1,9,33.0,42.9,36.7,22.5,13.3,5.4,,,138.0,,,,27.0,0.0,,,6.842105,,
2026-07-27T14:00:00+00:00,2026-07-27T14:01:03.208902+00:00,2026-07-27T14:01:03.208902+00:00,2026-07-27 16:50 (Local Time),AVDIMOU,,,,,1,11,35.5,43.8,37.0,15.8,6.9,2.5,863.0,570.0,238.0,,,,25.0,0.0,,,3.549664,,
2026-07-27T14:00:00+00:00,2026-07-27T14:01:03.208902+00:00,2026-07-27T14:01:03.208902+00:00,2026-07-27 16:50 (Local Time),CAVO_GRECO,,,,,1,9,30.9,,33.8,22.6,9.8,3.2,,,226.0,,,,54.0,0.0,1002.8,,5.041551,,
2026-07-27T14:00:00+00:00,2026-07-27T14:01:03.208902+00:00,2026-07-27T14:01:03.208902+00:00,2026-07-27 16:50 (Local Time),CHROMIO,,,,,1,9,21.6,,24.1,12.8,5.9,1.4,,,66.0,,,,41.0,0.0,,,3.03522,,"{""Snow Depth"": {""unit"": ""cm"", ""value"": 0.0}}"
2026-07-27T14:00:00+00:00,2026-07-27T14:01:03.208902+00:00,2026-07-27T14:01:03.208902+00:00,2026-07-27 16:50 (Local Time),CYTASAT,,,,,1,10,32.4,,34.8,21.7,5.8,1.7,,,196.0,,,,39.0,0.0,984.1,,2.983775,,"{""Atmospheric Pressure (Mean Sea Level)"": {""unit"": ""hPa"", ""value"": 1009.8}}"
2026-07-27T14:00:00+00:00,2026-07-27T14:01:03.208902+00:00,2026-07-27T14:01:03.208902+00:00,2026-07-27 16:50 (Local Time),EPTAGONEIA,,,,,1,8,32.4,,33.0,18.0,7.7,2.7,,,251.0,,,,26.0,0.0,,,3.961219,,
2026-07-27T14:00:00+00:00,2026-07-27T14:01:03.208902+00:00,2026-07-27T14:01:03.208902+00:00,2026-07-27 16:50 (Local Time),FANEROMENI,,,,,1,4,33.0,,,,,,,,,,,,44.0,0.0,,,,,"{""Rain Intensity (10 min.)"": {""unit"": ""mm/min"", ""value"": 0.0}}"
2026-07-27T14:00:00+00:00,2026-07-27T14:01:03.208902+00:00,2026-07-27T14:01:03.208902+00:00,2026-07-27 16:50 (Local Time),FARMAKAS,,,,,1,10,30.8,,34.8,17.2,6.6,1.7,861.0,562.0,15.0,,,,24.0,0.0,,,3.39533,,
2026-07-27T14:00:00+00:00,2026-07-27T14:01:03.208902+00:00,2026-07-27T14:01:03.208902+00:00,2026-07-27 16:50 (Local Time),FRENAROS,,,,,1,11,32.8,37.6,35.0,23.7,8.1,3.4,,530.0,188.0,,,,36.0,0.0,999.7,,4.166996,,
2026-07-27T14:00:00+00:00,2026-07-27T14:01:03.208902+00:00,2026-07-27T14:01:03.208902+00:00,2026-07-27 16:50 (Local Time),KALAVASOS,,,,,1,5,34.6,,37.0,20.8,,,,,,,,,37.0,0.0,,,,,
2026-07-27T14:00:00+00:00,2026-07-27T14:01:03.208902+00:00,2026-07-27T14:01:03.208902+00:00,2026-07-27 16:50 (Local Time),KALOPANAYIOTIS,,,,,1,9,32.5,,33.7,17.5,5.6,1.3,,568.0,318.0,,,,25.0,0.0,,,2.880886,,
2026-07-27T14:00:00+00:00,2026-07-27T14:01:03.208902+00:00,2026-07-27T14:01:03.208902+00:00,2026-07-27 16:50 (Local Time),KAMPOS,,,,,1,11,32.7,39.3,34.5,21.0,2.3,1.0,1137.0,658.0,346.0,,,,24.0,0.0,,,1.183221,,
2026-07-27T14:00:00+00:00,2026-07-27T14:01:03.208902+00:00,2026-07-27T14:01:03.208902+00:00,2026-07-27 16:50 (Local Time),KANNAVIOU,,,,,1,6,31.8,,32.7,20.3,,5.0,,,,,,,27.0,0.0,,,,,
2026-07-27T14:00:00+00:00,2026-07-27T14:01:03.208902+00:00,2026-07-27T14:01:03.208902+00:00,2026-07-27 16:50 (Local Time),KATHIKAS,,,,,1,6,30.8,,32.2,20.4,,,,,,,,,35.0,0.0,,,,,"{""Accumulated Rainfall (24 hours)"": {""unit"": ""mm"", ""value"": 0.0}}"
2026-07-27T14:00:00+00:00,2026-07-27T14:01:03.208902+00:00,2026-07-27T14:01:03.208902+00:00,2026-07-27 16:50 (Local Time),KEPNIC,,,,,1,1,,,,,,,,,,,,,,0.0,,,,,
2026-07-27T14:00:00+00:00,2026-07-27T14:01:03.208902+00:00,2026-07-27T14:01:03.208902+00:00,2026-07-27 16:50 (Local Time),KILANI,,,,,1,7,30.0,,30.9,16.6,,2.0,,582.0,,,,,30.0,0.0,,,,,
2026-07-27T14:00:00+00:00,2026-07-27T14:01:03.208902+00:00,2026-07-27T14:01:03.208902+00:00,2026-07-27 16:50 (Local Time),KORNOS,,,,,1,3,32.1,,,,,,,,,,,,33.0,0.0,,,,,
2026-07-27T14:00:00+00:00,2026-07-27T14:01:03.208902+00:00,2026-07-27T14:01:03.208902+00:00,2026-07-27 16:50 (Local Time),KOURIS,,,,,1,8,35.8,,37.2,22.8,10.6,2.1,,,214.0,,,,22.0,0.0,,,5.453106,,
2026-07-27T14:00:00+00:00,2026-07-27T14:01:03.208902+00:00,2026-07-27T14:01:03.208902+00:00,2026-07-27 16:50 (Local Time),KPYRGOS,,,,,1,8,32.1,,32.8,22.1,7.6,2.7,,,329.0,,,,46.0,0.0,,,3.909774,,
2026-07-27T14:00:00+00:00,2026-07-27T14:01:03.208902+00:00,2026-07-27T14:01:03.208902+00:00,2026-07-27 16:50 (Local Time),KYPEROUNTA,,,,,1,6,25.5,,29.3,17.4,,3.8,,638.0,,,,,35.0,,,,,,
2026-07-27T14:00:00+00:00,2026-07-27T14:01:03.208902+00:00,2026-07-27T14:01:03.208902+00:00,2026-07-27 16:50 (Local Time),LCLK,,,,,1,9,31.3,,34.7,24.0,,3.4,,,,,,,54.0,0.0,,,,,"{""Atmospheric Pressure (QNH)"": {""unit"": ""hPa"", ""value"": 1009.5}, ""Wind Direction (10m) at Runway 22"": {""unit"": ""Degrees"", ""value"": 183.0}, ""Wind Speed (10m) at Runway 22"": {""unit"": ""Knots"", ""value"": 8.3}}"
2026-07-27T14:00:00+00:00,2026-07-27T14:01:03.208902+00:00,2026-07-27T14:01:03.208902+00:00,2026-07-27 16:50 (Local Time),LCPH,,,,,1,9,28.0,,31.0,22.9,,5.9,,,,,,,70.0,0.0,,,,,"{""Atmospheric Pressure (QNH)"": {""unit"": ""hPa"", ""value"": 1009.6}, ""Wind Direction (10m) at Runway 29"": {""unit"": ""Degrees"", ""value"": 277.0}, ""Wind Speed (10m) at Runway 29"": {""unit"": ""Knots"", ""value"": 16.5}}"
2026-07-27T14:00:00+00:00,2026-07-27T14:01:03.208902+00:00,2026-07-27T14:01:03.208902+00:00,2026-07-27 16:50 (Local Time),LEFKARA,,,,,1,6,33.4,,37.1,21.3,,1.5,,,,,,,34.0,0.0,,,,,
2026-07-27T14:00:00+00:00,2026-07-27T14:01:03.208902+00:00,2026-07-27T14:01:03.208902+00:00,2026-07-27 16:50 (Local Time),LEFKOSIA,,,,,1,7,33.6,,36.6,21.2,,1.9,,,,,,,20.0,0.0,,,,,"{""Accumulated Rainfall (24 hours)"": {""unit"": ""mm"", ""value"": 0.0}}"
2026-07-27T14:00:00+00:00,2026-07-27T14:01:03.208902+00:00,2026-07-27T14:01:03.208902+00:00,2026-07-27 16:50 (Local Time),LIMASSOL,,,,,1,10,33.7,,34.0,20.7,,3.9,,398.0,,,,,34.0,0.0,1007.9,,,,"{""Wind Direction (10m) at Port Gate"": {""unit"": ""Degrees"", ""value"": 262.0}, ""Wind Speed (10m) at Port Gate"": {""unit"": ""Knots"", ""value"": 10.7}}"
2026-07-27T14:00:00+00:00,2026-07-27T14:01:03.208902+00:00,2026-07-27T14:01:03.208902+00:00,2026-07-27 16:50 (Local Time),LINOU,,,,,1,9,32.8,,34.1,21.6,10.4,3.2,,,335.0,,,,31.0,0.0,964.4,,5.350218,,
2026-07-27T14:00:00+00:00,2026-07-27T14:01:03.208902+00:00,2026-07-27T14:01:03.208902+00:00,2026-07-27 16:50 (Local Time),LYSOS,,,,,1,7,33.2,,33.5,18.8,9.3,,,,320.0,,,,28.0,0.0,,,4.784329,,
2026-07-27T14:00:00+00:00,2026-07-27T14:01:03.208902+00:00,2026-07-27T14:01:03.208902+00:00,2026-07-27 16:50 (Local Time),MALLIA,,,,,1,10,32.5,38.2,34.3,17.3,15.2,2.2,,592.0,250.0,,,,29.0,0.0,,,7.819549,,
2026-07-27T14:00:00+00:00,2026-07-27T14:01:03.208902+00:00,2026-07-27T14:01:03.208902+00:00,2026-07-27 16:50 (Local Time),MAMMARI,,,,,1,10,35.2,,37.1,23.5,,5.6,,618.0,,,,,21.0,0.0,,,,,"{""Atmospheric Pressure (QNH)"": {""unit"": ""hPa"", ""value"": 1010.2}, ""Wind Direction (10m) at Runway 12"": {""unit"": ""Degrees"", ""value"": 290.0}, ""Wind Speed (10m) at Runway 12"": {""unit"": ""Knots"", ""value"": 13.0}}"
2026-07-27T14:00:00+00:00,2026-07-27T14:01:03.208902+00:00,2026-07-27T14:01:03.208902+00:00,2026-07-27 16:50 (Local Time),MATHIATIS,,,,,1,10,31.2,,37.2,19.6,9.8,3.6,665.0,580.0,164.0,,,,41.0,0.0,,,5.041551,,
2026-07-27T14:00:00+00:00,2026-07-27T14:01:03.208902+00:00,2026-07-27T14:01:03.208902+00:00,2026-07-27 16:50 (Local Time),PANAGIA_BRIDGE,,,,,1,6,33.3,44.9,35.0,16.2,,,,,,,,,24.0,0.0,,,,,
2026-07-27T14:00:00+00:00,2026-07-27T14:01:03.208902+00:00,2026-07-27T14:01:03.208902+00:00,2026-07-27 16:50 (Local Time),PAPHOS,,,,,1,8,31.0,,33.8,22.4,6.9,2.4,,,284.0,,,,49.0,0.0,,,3.549664,,
2026-07-27T14:00:00+00:00,2026-07-27T14:01:03.208902+00:00,2026-07-27T14:01:03.208902+00:00,2026-07-27 16:50 (Local Time),PAREKLISIA,,,,,1,7,32.2,,36.2,21.5,2.7,,,,201.0,,,,48.0,0.0,,,1.388999,,
2026-07-27T14:00:00+00:00,2026-07-27T14:01:03.208902+00:00,2026-07-27T14:01:03.208902+00:00,2026-07-27 16:50 (Local Time),PENTAKOMO,,,,,1,8,28.1,,30.8,23.4,8.1,3.0,,,178.0,,,,75.0,0.0,,,4.166996,,
2026-07-27T14:00:00+00:00,2026-07-27T14:01:03.208902+00:00,2026-07-27T14:01:03.208902+00:00,2026-07-27 16:50 (Local Time),PLATANIA,,,,,1,6,25.6,,29.6,16.2,,0.3,,,,,,,34.0,0.0,,,,,
2026-07-27T14:00:00+00:00,2026-07-27T14:01:03.208902+00:00,2026-07-27T14:01:03.208902+00:00,2026-07-27 16:50 (Local Time),POLIS,,,,,1,11,31.0,,31.6,21.8,5.5,2.6,1003.0,,293.0,,,,53.0,0.0,1006.7,,2.829442,,"{""Atmospheric Pressure (Mean Sea Level)"": {""unit"": ""hPa"", ""value"": 1009.3}}"
2026-07-27T14:00:00+00:00,2026-07-27T14:01:03.208902+00:00,2026-07-27T14:01:03.208902+00:00,2026-07-27 16:50 (Local Time),POLYSTYPOS,,,,,1,8,26.9,,30.3,17.8,1.8,1.4,,,36.0,,,,29.0,0.0,,,0.925999,,
2026-07-27T14:00:00+00:00,2026-07-27T14:01:03.208902+00:00,2026-07-27T14:01:03.208902+00:00,2026-07-27 16:50 (Local Time),PRODROMOS,,,,,1,9,22.8,,26.5,15.3,8.7,3.0,,551.0,46.0,,,,38.0,0.0,,,4.475663,,
2026-07-27T14:00:00+00:00,2026-07-27T14:01:03.208902+00:00,2026-07-27T14:01:03.208902+00:00,2026-07-27 16:50 (Local Time),PYRGOS,,,,,1,5,32.9,,,,3.8,,,,277.5,,,,27.0,0.0,,,1.954887,,
2026-07-27T14:00:00+00:00,2026-07-27T14:01:03.208902+00:00,2026-07-27T14:01:03.208902+00:00,2026-07-27 16:50 (Local Time),SAITTAS,,,,,1,5,34.5,,35.2,18.4,,,,,,,,,28.0,0.0,,,,,
2026-07-27T14:00:00+00:00,2026-07-27T14:01:03.208902+00:00,2026-07-27T14:01:03.208902+00:00,2026-07-27 16:50 (Local Time),TAMASOS,,,,,1,9,33.8,35.0,35.6,22.9,5.9,1.9,,,308.0,,,,19.0,0.0,,,3.03522,,
2026-07-27T14:00:00+00:00,2026-07-27T14:01:03.208902+00:00,2026-07-27T14:01:03.208902+00:00,2026-07-27 16:50 (Local Time),TEPAK,,,,,1,9,35.1,,35.9,21.3,4.6,1.4,,,250.0,,,,25.0,0.0,,,2.366442,,"{""Accumulated Rainfall (24 hours)"": {""unit"": ""mm"", ""value"": 0.0}}"
2026-07-27T14:00:00+00:00,2026-07-27T14:01:03.208902+00:00,2026-07-27T14:01:03.208902+00:00,2026-07-27 16:50 (Local Time),TRIPILOS,,,,,1,7,27.8,,32.1,16.4,0.0,,,,13.0,,,,31.0,0.0,,,0.0,,
2026-07-27T14:00:00+00:00,2026-07-27T14:01:03.208902+00:00,2026-07-27T14:01:03.208902+00:00,2026-07-27 16:50 (Local Time),TROODOS,,,,,1,9,22.8,,26.3,13.8,5.5,1.5,,,9.0,,,,39.0,0.0,828.2,,2.829442,,
2026-07-27T14:00:00+00:00,2026-07-27T14:01:03.208902+00:00,2026-07-27T14:01:03.208902+00:00,2026-07-27 16:50 (Local Time),VISITOR,,,,,1,7,37.0,,37.4,24.4,4.1,,,,307.0,,,,14.0,0.0,,,2.10922,,
2026-07-27T14:00:00+00:00,2026-07-27T14:01:03.208902+00:00,2026-07-27T14:01:03.208902+00:00,2026-07-27 16:50 (Local Time),XYLIATOS,,,,,1,8,31.8,,33.5,20.0,5.8,,,603.0,340.0,,,,29.0,0.0,,,2.983775,,
2026-07-27T14:00:00+00:00,2026-07-27T14:01:03.208902+00:00,2026-07-27T14:01:03.208902+00:00,2026-07-27 16:50 (Local Time),XYLOPHAGOU,,,,,1,9,31.4,39.5,34.9,24.0,9.8,3.0,,,193.0,,,,53.0,0.0,,,5.041551,,
2026-07-27T14:00:00+00:00,2026-07-27T14:01:03.208902+00:00,2026-07-27T14:01:03.208902+00:00,2026-07-27 16:50 (Local Time),ZYGI,,,,,1,9,29.8,35.0,34.3,18.6,6.1,2.3,,,202.0,,,,63.0,0.0,,,3.138108,,
2026-07-27T15:20:00+00:00,2026-07-27T15:20:45.659008+00:00,2026-07-27T15:20:45.659008+00:00,2026-07-27 18:10 (Local Time),ACHNA,,,,,1,8,30.2,,36.8,24.7,6.2,1.6,,,190.0,,,,49.0,0.0,,,3.189553,,
2026-07-27T15:20:00+00:00,2026-07-27T15:20:45.659008+00:00,2026-07-27T15:20:45.659008+00:00,2026-07-27 18:10 (Local Time),AGROS,,,,,1,10,25.8,,31.9,19.9,5.4,2.8,11.0,38.0,0.0,,,,37.0,0.0,,,2.777998,,
2026-07-27T15:20:00+00:00,2026-07-27T15:20:45.659008+00:00,2026-07-27T15:20:45.659008+00:00,2026-07-27 18:10 (Local Time),AKAMAS,,,,,1,7,29.3,,34.9,21.8,7.5,,,,269.0,,,,46.0,0.0,,,3.85833,,
2026-07-27T15:20:00+00:00,2026-07-27T15:20:45.659008+00:00,2026-07-27T15:20:45.659008+00:00,2026-07-27 18:10 (Local Time),ALONOUDI,,,,,1,5,31.3,,36.9,16.6,,,,,,,,,24.0,0.0,,,,,
2026-07-27T15:20:00+00:00,2026-07-27T15:20:45.659008+00:00,2026-07-27T15:20:45.659008+00:00,2026-07-27 18:10 (Local Time),AMARGETI,,,,,1,9,30.9,,35.7,20.8,14.4,4.6,,,303.0,,,,27.0,0.0,959.0,,7.407994,,
2026-07-27T15:20:00+00:00,2026-07-27T15:20:45.659008+00:00,2026-07-27T15:20:45.659008+00:00,2026-07-27 18:10 (Local Time),ASTROMERITIS,,,,,1,8,31.3,,35.6,23.1,8.6,3.3,,,311.0,,,,35.0,0.0,,,4.424218,,
2026-07-27T15:20:00+00:00,2026-07-27T15:20:45.659008+00:00,2026-07-27T15:20:45.659008+00:00,2026-07-27 18:10 (Local Time),ATHALASSA,,,,,1,11,34.5,39.7,37.5,24.1,4.3,1.8,,,125.0,,,,28.0,0.0,990.1,,2.212109,,"{""Atmospheric Pressure (Mean Sea Level)"": {""unit"": ""hPa"", ""value"": 1008.1}}"
2026-07-27T15:20:00+00:00,2026-07-27T15:20:45.659008+00:00,2026-07-27T15:20:45.659008+00:00,2026-07-27 18:10 (Local Time),ATHIENOU,,,,,1,9,31.4,38.5,36.7,22.5,10.8,4.2,,,146.0,,,,42.0,0.0,,,5.555995,,
2026-07-27T15:20:00+00:00,2026-07-27T15:20:45.659008+00:00,2026-07-27T15:20:45.659008+00:00,2026-07-27 18:10 (Local Time),AVDIMOU,,,,,1,11,35.6,42.6,37.0,15.8,2.4,1.2,835.0,314.0,240.0,,,,24.0,0.0,,,1.234666,,
2026-07-27T15:20:00+00:00,2026-07-27T15:20:45.659008+00:00,2026-07-27T15:20:45.659008+00:00,2026-07-27 18:10 (Local Time),CAVO_GRECO,,,,,1,9,30.1,,33.8,22.6,8.9,2.9,,,231.0,,,,58.0,0.0,1002.1,,4.578552,,
2026-07-27T15:20:00+00:00,2026-07-27T15:20:45.659008+00:00,2026-07-27T15:20:45.659008+00:00,2026-07-27 18:10 (Local Time),CHROMIO,,,,,1,9,19.7,,24.1,12.8,0.7,0.3,,,82.0,,,,47.0,0.0,,,0.360111,,"{""Snow Depth"": {""unit"": ""cm"", ""value"": 0.0}}"
2026-07-27T15:20:00+00:00,2026-07-27T15:20:45.659008+00:00,2026-07-27T15:20:45.659008+00:00,2026-07-27 18:10 (Local Time),CYTASAT,,,,,1,10,30.3,,34.8,21.7,2.6,1.5,,,181.0,,,,48.0,0.0,983.8,,1.337554,,"{""Atmospheric Pressure (Mean Sea Level)"": {""unit"": ""hPa"", ""value"": 1009.6}}"
2026-07-27T15:20:00+00:00,2026-07-27T15:20:45.659008+00:00,2026-07-27T15:20:45.659008+00:00,2026-07-27 18:10 (Local Time),EPTAGONEIA,,,,,1,8,32.2,,33.4,18.0,2.8,1.0,,,212.0,,,,31.0,0.0,,,1.440443,,
2026-07-27T15:20:00+00:00,2026-07-27T15:20:45.659008+00:00,2026-07-27T15:20:45.659008+00:00,2026-07-27 18:10 (Local Time),FANEROMENI,,,,,1,4,31.7,,,,,,,,,,,,54.0,0.0,,,,,"{""Rain Intensity (10 min.)"": {""unit"": ""mm/min"", ""value"": 0.0}}"
2026-07-27T15:20:00+00:00,2026-07-27T15:20:45.659008+00:00,2026-07-27T15:20:45.659008+00:00,2026-07-27 18:10 (Local Time),FARMAKAS,,,,,1,10,27.7,,34.8,17.2,5.5,1.7,784.0,280.0,4.0,,,,32.0,0.0,,,2.829442,,
2026-07-27T15:20:00+00:00,2026-07-27T15:20:45.659008+00:00,2026-07-27T15:20:45.659008+00:00,2026-07-27 18:10 (Local Time),FRENAROS,,,,,1,11,32.2,35.5,35.0,23.7,8.2,3.6,,272.0,195.0,,,,37.0,0.0,999.3,,4.218441,,
2026-07-27T15:20:00+00:00,2026-07-27T15:20:45.659008+00:00,2026-07-27T15:20:45.659008+00:00,2026-07-27 18:10 (Local Time),KALAVASOS,,,,,1,5,32.1,,37.0,20.8,,,,,,,,,51.0,0.0,,,,,
2026-07-27T15:20:00+00:00,2026-07-27T15:20:45.659008+00:00,2026-07-27T15:20:45.659008+00:00,2026-07-27 18:10 (Local Time),KALOPANAYIOTIS,,,,,1,9,30.7,,33.7,17.5,5.4,1.1,,293.0,307.0,,,,32.0,0.0,,,2.777998,,
2026-07-27T15:20:00+00:00,2026-07-27T15:20:45.659008+00:00,2026-07-27T15:20:45.659008+00:00,2026-07-27 18:10 (Local Time),KAMPOS,,,,,1,11,29.5,36.5,34.5,21.0,1.6,0.6,870.0,368.0,344.0,,,,34.0,0.0,,,0.82311,,
2026-07-27T15:20:00+00:00,2026-07-27T15:20:45.659008+00:00,2026-07-27T15:20:45.659008+00:00,2026-07-27 18:10 (Local Time),KANNAVIOU,,,,,1,6,30.6,,32.7,20.3,,4.3,,,,,,,24.0,0.0,,,,,
2026-07-27T15:20:00+00:00,2026-07-27T15:20:45.659008+00:00,2026-07-27T15:20:45.659008+00:00,2026-07-27 18:10 (Local Time),KATHIKAS,,,,,1,6,28.9,,32.2,20.4,,,,,,,,,42.0,0.0,,,,,"{""Accumulated Rainfall (24 hours)"": {""unit"": ""mm"", ""value"": 0.0}}"
2026-07-27T15:20:00+00:00,2026-07-27T15:20:45.659008+00:00,2026-07-27T15:20:45.659008+00:00,2026-07-27 18:10 (Local Time),KEPNIC,,,,,1,1,,,,,,,,,,,,,,0.0,,,,,
2026-07-27T15:20:00+00:00,2026-07-27T15:20:45.659008+00:00,2026-07-27T15:20:45.659008+00:00,2026-07-27 18:10 (Local Time),KILANI,,,,,1,7,28.6,,30.9,16.6,,1.9,,307.0,,,,,32.0,0.0,,,,,
2026-07-27T15:20:00+00:00,2026-07-27T15:20:45.659008+00:00,2026-07-27T15:20:45.659008+00:00,2026-07-27 18:10 (Local Time),KORNOS,,,,,1,3,30.4,,,,,,,,,,,,45.0,0.0,,,,,
2026-07-27T15:20:00+00:00,2026-07-27T15:20:45.659008+00:00,2026-07-27T15:20:45.659008+00:00,2026-07-27 18:10 (Local Time),KOURIS,,,,,1,8,34.0,,37.2,22.8,7.3,2.8,,,254.0,,,,27.0,0.0,,,3.755441,,
2026-07-27T15:20:00+00:00,2026-07-27T15:20:45.659008+00:00,2026-07-27T15:20:45.659008+00:00,2026-07-27 18:10 (Local Time),KPYRGOS,,,,,1,8,31.4,,32.8,22.1,6.5,2.4,,,289.0,,,,52.0,0.0,,,3.343886,,
2026-07-27T15:20:00+00:00,2026-07-27T15:20:45.659008+00:00,2026-07-27T15:20:45.659008+00:00,2026-07-27 18:10 (Local Time),KYPEROUNTA,,,,,1,6,23.7,,29.3,17.4,,4.4,,342.0,,,,,41.0,,,,,,
2026-07-27T15:20:00+00:00,2026-07-27T15:20:45.659008+00:00,2026-07-27T15:20:45.659008+00:00,2026-07-27 18:10 (Local Time),LCLK,,,,,1,9,30.5,,34.7,24.0,,3.0,,,,,,,61.0,0.0,,,,,"{""Atmospheric Pressure (QNH)"": {""unit"": ""hPa"", ""value"": 1008.9}, ""Wind Direction (10m) at Runway 22"": {""unit"": ""Degrees"", ""value"": 176.0}, ""Wind Speed (10m) at Runway 22"": {""unit"": ""Knots"", ""value"": 7.7}}"
2026-07-27T15:20:00+00:00,2026-07-27T15:20:45.659008+00:00,2026-07-27T15:20:45.659008+00:00,2026-07-27 18:10 (Local Time),LCPH,,,,,1,9,28.2,,31.0,22.9,,6.6,,,,,,,64.0,0.0,,,,,"{""Atmospheric Pressure (QNH)"": {""unit"": ""hPa"", ""value"": 1009.2}, ""Wind Direction (10m) at Runway 29"": {""unit"": ""Degrees"", ""value"": 288.0}, ""Wind Speed (10m) at Runway 29"": {""unit"": ""Knots"", ""value"": 17.3}}"
2026-07-27T15:20:00+00:00,2026-07-27T15:20:45.659008+00:00,2026-07-27T15:20:45.659008+00:00,2026-07-27 18:10 (Local Time),LEFKARA,,,,,1,6,32.8,,37.1,21.3,,1.2,,,,,,,31.0,0.0,,,,,
2026-07-27T15:20:00+00:00,2026-07-27T15:20:45.659008+00:00,2026-07-27T15:20:45.659008+00:00,2026-07-27 18:10 (Local Time),LEFKOSIA,,,,,1,7,33.1,,36.6,21.2,,2.2,,,,,,,27.0,0.0,,,,,"{""Accumulated Rainfall (24 hours)"": {""unit"": ""mm"", ""value"": 0.0}}"
2026-07-27T15:20:00+00:00,2026-07-27T15:20:45.659008+00:00,2026-07-27T15:20:45.659008+00:00,2026-07-27 18:10 (Local Time),LIMASSOL,,,,,1,10,31.9,,34.0,20.7,,4.1,,225.0,,,,,39.0,0.0,1007.2,,,,"{""Wind Direction (10m) at Port Gate"": {""unit"": ""Degrees"", ""value"": 255.0}, ""Wind Speed (10m) at Port Gate"": {""unit"": ""Knots"", ""value"": 11.4}}"
2026-07-27T15:20:00+00:00,2026-07-27T15:20:45.659008+00:00,2026-07-27T15:20:45.659008+00:00,2026-07-27 18:10 (Local Time),LINOU,,,,,1,9,30.9,,34.1,21.6,6.9,2.3,,,330.0,,,,38.0,0.0,964.0,,3.549664,,
2026-07-27T15:20:00+00:00,2026-07-27T15:20:45.659008+00:00,2026-07-27T15:20:45.659008+00:00,2026-07-27 18:10 (Local Time),LYSOS,,,,,1,7,31.0,,33.5,18.8,8.0,,,,320.0,,,,38.0,0.0,,,4.115552,,
2026-07-27T15:20:00+00:00,2026-07-27T15:20:45.659008+00:00,2026-07-27T15:20:45.659008+00:00,2026-07-27 18:10 (Local Time),MALLIA,,,,,1,10,29.9,29.7,34.3,17.3,6.0,1.9,,124.0,319.0,,,,29.0,0.0,,,3.086664,,
2026-07-27T15:20:00+00:00,2026-07-27T15:20:45.659008+00:00,2026-07-27T15:20:45.659008+00:00,2026-07-27 18:10 (Local Time),MAMMARI,,,,,1,10,32.7,,37.1,23.5,,6.1,,344.0,,,,,30.0,0.0,,,,,"{""Atmospheric Pressure (QNH)"": {""unit"": ""hPa"", ""value"": 1010.1}, ""Wind Direction (10m) at Runway 12"": {""unit"": ""Degrees"", ""value"": 280.0}, ""Wind Speed (10m) at Runway 12"": {""unit"": ""Knots"", ""value"": 14.5}}"
2026-07-27T15:20:00+00:00,2026-07-27T15:20:45.659008+00:00,2026-07-27T15:20:45.659008+00:00,2026-07-27 18:10 (Local Time),MATHIATIS,,,,,1,10,32.9,,37.2,19.6,5.1,1.3,581.0,305.0,291.0,,,,29.0,0.0,,,2.623664,,
2026-07-27T15:20:00+00:00,2026-07-27T15:20:45.659008+00:00,2026-07-27T15:20:45.659008+00:00,2026-07-27 18:10 (Local Time),PANAGIA_BRIDGE,,,,,1,6,30.2,38.1,35.0,16.2,,,,,,,,,34.0,0.0,,,,,
2026-07-27T15:20:00+00:00,2026-07-27T15:20:45.659008+00:00,2026-07-27T15:20:45.659008+00:00,2026-07-27 18:10 (Local Time),PAPHOS,,,,,1,8,28.4,,33.8,22.4,6.3,2.3,,,295.0,,,,57.0,0.0,,,3.240997,,
2026-07-27T15:20:00+00:00,2026-07-27T15:20:45.659008+00:00,2026-07-27T15:20:45.659008+00:00,2026-07-27 18:10 (Local Time),PAREKLISIA,,,,,1,7,33.1,,36.2,21.5,1.7,,,,194.0,,,,41.0,0.0,,,0.874555,,
2026-07-27T15:20:00+00:00,2026-07-27T15:20:45.659008+00:00,2026-07-27T15:20:45.659008+00:00,2026-07-27 18:10 (Local Time),PENTAKOMO,,,,,1,8,27.7,,30.8,23.4,6.9,2.9,,,193.0,,,,75.0,0.0,,,3.549664,,
2026-07-27T15:20:00+00:00,2026-07-27T15:20:45.659008+00:00,2026-07-27T15:20:45.659008+00:00,2026-07-27 18:10 (Local Time),PLATANIA,,,,,1,6,24.2,,29.6,16.2,,0.4,,,,,,,40.0,0.0,,,,,
2026-07-27T15:20:00+00:00,2026-07-27T15:20:45.659008+00:00,2026-07-27T15:20:45.659008+00:00,2026-07-27 18:10 (Local Time),POLIS,,,,,1,11,30.2,,31.6,21.8,7.5,3.3,863.0,,291.0,,,,54.0,0.0,1006.3,,3.85833,,"{""Atmospheric Pressure (Mean Sea Level)"": {""unit"": ""hPa"", ""value"": 1008.9}}"
2026-07-27T15:20:00+00:00,2026-07-27T15:20:45.659008+00:00,2026-07-27T15:20:45.659008+00:00,2026-07-27 18:10 (Local Time),POLYSTYPOS,,,,,1,8,25.1,,30.3,17.8,2.0,0.9,,,343.0,,,,36.0,0.0,,,1.028888,,
2026-07-27T15:20:00+00:00,2026-07-27T15:20:45.659008+00:00,2026-07-27T15:20:45.659008+00:00,2026-07-27 18:10 (Local Time),PRODROMOS,,,,,1,9,21.5,,26.5,15.3,6.8,2.1,,0.0,54.0,,,,44.0,0.0,,,3.498219,,
2026-07-27T15:20:00+00:00,2026-07-27T15:20:45.659008+00:00,2026-07-27T15:20:45.659008+00:00,2026-07-27 18:10 (Local Time),PYRGOS,,,,,1,5,29.6,,,,4.9,,,,263.2,,,,41.0,0.0,,,2.520776,,
2026-07-27T15:20:00+00:00,2026-07-27T15:20:45.659008+00:00,2026-07-27T15:20:45.659008+00:00,2026-07-27 18:10 (Local Time),SAITTAS,,,,,1,5,31.8,,35.2,18.4,,,,,,,,,30.0,0.0,,,,,
2026-07-27T15:20:00+00:00,2026-07-27T15:20:45.659008+00:00,2026-07-27T15:20:45.659008+00:00,2026-07-27 18:10 (Local Time),TAMASOS,,,,,1,9,30.5,31.3,35.6,22.9,8.8,2.6,,,291.0,,,,30.0,0.0,,,4.527107,,
2026-07-27T15:20:00+00:00,2026-07-27T15:20:45.659008+00:00,2026-07-27T15:20:45.659008+00:00,2026-07-27 18:10 (Local Time),TEPAK,,,,,1,9,32.0,,35.9,21.3,5.1,1.5,,,238.0,,,,34.0,0.0,,,2.623664,,"{""Accumulated Rainfall (24 hours)"": {""unit"": ""mm"", ""value"": 0.0}}"
2026-07-27T15:20:00+00:00,2026-07-27T15:20:45.659008+00:00,2026-07-27T15:20:45.659008+00:00,2026-07-27 18:10 (Local Time),TRIPILOS,,,,,1,7,28.2,,32.1,16.4,1.5,,,,272.0,,,,31.0,0.0,,,0.771666,,
2026-07-27T15:20:00+00:00,2026-07-27T15:20:45.659008+00:00,2026-07-27T15:20:45.659008+00:00,2026-07-27 18:10 (Local Time),TROODOS,,,,,1,9,19.4,,26.3,13.8,6.0,1.8,,,358.0,,,,48.0,0.0,827.8,,3.086664,,
2026-07-27T15:20:00+00:00,2026-07-27T15:20:45.659008+00:00,2026-07-27T15:20:45.659008+00:00,2026-07-27 18:10 (Local Time),VISITOR,,,,,1,7,34.1,,37.4,24.4,4.0,,,,95.0,,,,30.0,0.0,,,2.057776,,
2026-07-27T15:20:00+00:00,2026-07-27T15:20:45.659008+00:00,2026-07-27T15:20:45.659008+00:00,2026-07-27 18:10 (Local Time),XYLIATOS,,,,,1,8,29.3,,33.5,20.0,3.7,,,306.0,344.0,,,,37.0,0.0,,,1.903443,,
2026-07-27T15:20:00+00:00,2026-07-27T15:20:45.659008+00:00,2026-07-27T15:20:45.659008+00:00,2026-07-27 18:10 (Local Time),XYLOPHAGOU,,,,,1,9,29.4,35.0,34.9,24.0,8.9,2.5,,,201.0,,,,63.0,0.0,,,4.578552,,
2026-07-27T15:20:00+00:00,2026-07-27T15:20:45.659008+00:00,2026-07-27T15:20:45.659008+00:00,2026-07-27 18:10 (Local Time),ZYGI,,,,,1,9,29.1,32.6,34.3,18.6,5.0,1.3,,,177.0,,,,65.0,0.0,,,2.57222,,
2026-07-27T17:10:00+00:00,2026-07-27T17:10:45.025144+00:00,2026-07-27T17:10:45.025144+00:00,2026-07-27 20:00 (Local Time),ACHNA,,,,,1,8,27.0,,36.8,24.7,4.4,1.0,,,199.0,,,,74.0,0.0,,,2.263554,,
2026-07-27T17:10:00+00:00,2026-07-27T17:10:45.025144+00:00,2026-07-27T17:10:45.025144+00:00,2026-07-27 20:00 (Local Time),AGROS,,,,,1,10,23.3,,31.9,19.9,5.4,2.3,4.0,0.0,354.0,,,,42.0,0.0,,,2.777998,,
2026-07-27T17:10:00+00:00,2026-07-27T17:10:45.025144+00:00,2026-07-27T17:10:45.025144+00:00,2026-07-27 20:00 (Local Time),AKAMAS,,,,,1,7,24.2,,34.9,21.8,6.6,,,,307.0,,,,78.0,0.0,,,3.39533,,
2026-07-27T17:10:00+00:00,2026-07-27T17:10:45.025144+00:00,2026-07-27T17:10:45.025144+00:00,2026-07-27 20:00 (Local Time),ALONOUDI,,,,,1,5,26.4,,36.9,16.6,,,,,,,,,46.0,0.0,,,,,
2026-07-27T17:10:00+00:00,2026-07-27T17:10:45.025144+00:00,2026-07-27T17:10:45.025144+00:00,2026-07-27 20:00 (Local Time),AMARGETI,,,,,1,9,25.6,,35.7,20.8,14.6,4.5,,,329.0,,,,46.0,0.0,959.6,,7.510882,,
2026-07-27T17:10:00+00:00,2026-07-27T17:10:45.025144+00:00,2026-07-27T17:10:45.025144+00:00,2026-07-27 20:00 (Local Time),ASTROMERITIS,,,,,1,8,27.2,,35.6,23.1,8.1,3.0,,,301.0,,,,56.0,0.0,,,4.166996,,
2026-07-27T17:10:00+00:00,2026-07-27T17:10:45.025144+00:00,2026-07-27T17:10:45.025144+00:00,2026-07-27 20:00 (Local Time),ATHALASSA,,,,,1,11,29.6,27.8,37.5,24.1,9.8,3.5,,,282.0,,,,43.0,0.0,991.0,,5.041551,,"{""Atmospheric Pressure (Mean Sea Level)"": {""unit"": ""hPa"", ""value"": 1009.2}}"
2026-07-27T17:10:00+00:00,2026-07-27T17:10:45.025144+00:00,2026-07-27T17:10:45.025144+00:00,2026-07-27 20:00 (Local Time),ATHIENOU,,,,,1,9,28.1,27.1,36.7,22.5,7.5,2.4,,,213.0,,,,58.0,0.0,,,3.85833,,
2026-07-27T17:10:00+00:00,2026-07-27T17:10:45.025144+00:00,2026-07-27T17:10:45.025144+00:00,2026-07-27 20:00 (Local Time),AVDIMOU,,,,,1,11,29.7,26.6,37.0,15.8,1.1,0.5,4.0,11.0,235.0,,,,34.0,0.0,,,0.565888,,
2026-07-27T17:10:00+00:00,2026-07-27T17:10:45.025144+00:00,2026-07-27T17:10:45.025144+00:00,2026-07-27 20:00 (Local Time),CAVO_GRECO,,,,,1,9,26.8,,33.8,22.6,9.9,2.6,,,237.0,,,,69.0,0.0,1002.0,,5.092996,,
2026-07-27T17:10:00+00:00,2026-07-27T17:10:45.025144+00:00,2026-07-27T17:10:45.025144+00:00,2026-07-27 20:00 (Local Time),CHROMIO,,,,,1,9,18.2,,24.1,12.8,6.7,2.1,,,42.0,,,,26.0,0.0,,,3.446775,,"{""Snow Depth"": {""unit"": ""cm"", ""value"": 0.0}}"
2026-07-27T17:10:00+00:00,2026-07-27T17:10:45.025144+00:00,2026-07-27T17:10:45.025144+00:00,2026-07-27 20:00 (Local Time),CYTASAT,,,,,1,10,25.8,,34.8,21.7,1.0,0.4,,,112.0,,,,64.0,0.0,984.0,,0.514444,,"{""Atmospheric Pressure (Mean Sea Level)"": {""unit"": ""hPa"", ""value"": 1010.3}}"
2026-07-27T17:10:00+00:00,2026-07-27T17:10:45.025144+00:00,2026-07-27T17:10:45.025144+00:00,2026-07-27 20:00 (Local Time),EPTAGONEIA,,,,,1,8,26.1,,33.4,18.0,1.1,0.2,,,93.0,,,,50.0,0.0,,,0.565888,,
2026-07-27T17:10:00+00:00,2026-07-27T17:10:45.025144+00:00,2026-07-27T17:10:45.025144+00:00,2026-07-27 20:00 (Local Time),FANEROMENI,,,,,1,4,28.1,,,,,,,,,,,,71.0,0.0,,,,,"{""Rain Intensity (10 min.)"": {""unit"": ""mm/min"", ""value"": 0.0}}"
2026-07-27T17:10:00+00:00,2026-07-27T17:10:45.025144+00:00,2026-07-27T17:10:45.025144+00:00,2026-07-27 20:00 (Local Time),FARMAKAS,,,,,1,10,23.1,,34.8,17.2,6.4,0.6,2.0,0.0,30.0,,,,47.0,0.0,,,3.292442,,
2026-07-27T17:10:00+00:00,2026-07-27T17:10:45.025144+00:00,2026-07-27T17:10:45.025144+00:00,2026-07-27 20:00 (Local Time),FRENAROS,,,,,1,11,27.6,27.0,35.0,23.7,7.7,2.9,,0.0,211.0,,,,72.0,0.0,999.0,,3.961219,,
2026-07-27T17:10:00+00:00,2026-07-27T17:10:45.025144+00:00,2026-07-27T17:10:45.025144+00:00,2026-07-27 20:00 (Local Time),KALAVASOS,,,,,1,5,26.7,,37.0,20.8,,,,,,,,,67.0,0.0,,,,,
2026-07-27T17:10:00+00:00,2026-07-27T17:10:45.025144+00:00,2026-07-27T17:10:45.025144+00:00,2026-07-27 20:00 (Local Time),KALOPANAYIOTIS,,,,,1,9,24.0,,33.7,17.5,2.6,0.5,,0.0,164.0,,,,51.0,0.0,,,1.337554,,
2026-07-27T17:10:00+00:00,2026-07-27T17:10:45.025144+00:00,2026-07-27T17:10:45.025144+00:00,2026-07-27 20:00 (Local Time),KAMPOS,,,,,1,11,25.3,27.4,34.5,21.0,0.0,0.1,433.0,0.0,261.0,,,,53.0,0.0,,,0.0,,
2026-07-27T17:10:00+00:00,2026-07-27T17:10:45.025144+00:00,2026-07-27T17:10:45.025144+00:00,,KANNAVIOU,,,,,0,0,,,,,,,,,,,,,,,,,,,
2026-07-27T17:10:00+00:00,2026-07-27T17:10:45.025144+00:00,2026-07-27T17:10:45.025144+00:00,2026-07-27 20:00 (Local Time),KATHIKAS,,,,,1,6,23.3,,32.2,20.4,,,,,,,,,64.0,0.0,,,,,"{""Accumulated Rainfall (24 hours)"": {""unit"": ""mm"", ""value"": 0.0}}"
2026-07-27T17:10:00+00:00,2026-07-27T17:10:45.025144+00:00,2026-07-27T17:10:45.025144+00:00,2026-07-27 20:00 (Local Time),KEPNIC,,,,,1,1,,,,,,,,,,,,,,0.0,,,,,
2026-07-27T17:10:00+00:00,2026-07-27T17:10:45.025144+00:00,2026-07-27T17:10:45.025144+00:00,2026-07-27 20:00 (Local Time),KILANI,,,,,1,7,22.6,,30.9,16.6,,1.1,,5.0,,,,,43.0,0.0,,,,,
2026-07-27T17:10:00+00:00,2026-07-27T17:10:45.025144+00:00,2026-07-27T17:10:45.025144+00:00,2026-07-27 20:00 (Local Time),KORNOS,,,,,1,3,27.4,,,,,,,,,,,,56.0,0.0,,,,,
2026-07-27T17:10:00+00:00,2026-07-27T17:10:45.025144+00:00,2026-07-27T17:10:45.025144+00:00,2026-07-27 20:00 (Local Time),KOURIS,,,,,1,8,30.7,,37.2,22.8,5.5,2.0,,,66.0,,,,32.0,0.0,,,2.829442,,
2026-07-27T17:10:00+00:00,2026-07-27T17:10:45.025144+00:00,2026-07-27T17:10:45.025144+00:00,2026-07-27 20:00 (Local Time),KPYRGOS,,,,,1,8,28.5,,32.8,22.1,3.3,1.0,,,246.0,,,,59.0,0.0,,,1.697665,,
2026-07-27T17:10:00+00:00,2026-07-27T17:10:45.025144+00:00,2026-07-27T17:10:45.025144+00:00,2026-07-27 20:00 (Local Time),KYPEROUNTA,,,,,1,6,21.0,,29.3,17.4,,1.4,,2.0,,,,,44.0,,,,,,
2026-07-27T17:10:00+00:00,2026-07-27T17:10:45.025144+00:00,2026-07-27T17:10:45.025144+00:00,2026-07-27 20:00 (Local Time),LCLK,,,,,1,9,27.3,,34.7,24.0,,0.9,,,,,,,75.0,0.0,,,,,"{""Atmospheric Pressure (QNH)"": {""unit"": ""hPa"", ""value"": 1009.2}, ""Wind Direction (10m) at Runway 22"": {""unit"": ""Degrees"", ""value"": 208.0}, ""Wind Speed (10m) at Runway 22"": {""unit"": ""Knots"", ""value"": 3.5}}"
2026-07-27T17:10:00+00:00,2026-07-27T17:10:45.025144+00:00,2026-07-27T17:10:45.025144+00:00,2026-07-27 20:00 (Local Time),LCPH,,,,,1,9,27.8,,31.0,22.9,,4.5,,,,,,,64.0,0.0,,,,,"{""Atmospheric Pressure (QNH)"": {""unit"": ""hPa"", ""value"": 1009.5}, ""Wind Direction (10m) at Runway 29"": {""unit"": ""Degrees"", ""value"": 291.0}, ""Wind Speed (10m) at Runway 29"": {""unit"": ""Knots"", ""value"": 13.3}}"
2026-07-27T17:10:00+00:00,2026-07-27T17:10:45.025144+00:00,2026-07-27T17:10:45.025144+00:00,2026-07-27 20:00 (Local Time),LEFKARA,,,,,1,6,27.3,,37.1,21.3,,0.1,,,,,,,61.0,0.0,,,,,
2026-07-27T17:10:00+00:00,2026-07-27T17:10:45.025144+00:00,2026-07-27T17:10:45.025144+00:00,2026-07-27 20:00 (Local Time),LEFKOSIA,,,,,1,7,28.3,,36.6,21.2,,1.4,,,,,,,46.0,0.0,,,,,"{""Accumulated Rainfall (24 hours)"": {""unit"": ""mm"", ""value"": 0.0}}"
2026-07-27T17:10:00+00:00,2026-07-27T17:10:45.025144+00:00,2026-07-27T17:10:45.025144+00:00,2026-07-27 20:00 (Local Time),LIMASSOL,,,,,1,10,28.4,,34.0,20.7,,1.8,,3.0,,,,,52.0,0.0,1007.4,,,,"{""Wind Direction (10m) at Port Gate"": {""unit"": ""Degrees"", ""value"": 278.0}, ""Wind Speed (10m) at Port Gate"": {""unit"": ""Knots"", ""value"": 4.9}}"
2026-07-27T17:10:00+00:00,2026-07-27T17:10:45.025144+00:00,2026-07-27T17:10:45.025144+00:00,2026-07-27 20:00 (Local Time),LINOU,,,,,1,9,25.8,,34.1,21.6,3.2,1.1,,,333.0,,,,60.0,0.0,964.3,,1.646221,,
2026-07-27T17:10:00+00:00,2026-07-27T17:10:45.025144+00:00,2026-07-27T17:10:45.025144+00:00,2026-07-27 20:00 (Local Time),LYSOS,,,,,1,7,21.5,,33.5,18.8,4.5,,,,356.0,,,,69.0,0.0,,,2.314998,,
2026-07-27T17:10:00+00:00,2026-07-27T17:10:45.025144+00:00,2026-07-27T17:10:45.025144+00:00,2026-07-27 20:00 (Local Time),MALLIA,,,,,1,10,25.4,24.0,34.3,17.3,3.8,0.7,,15.0,256.0,,,,38.0,0.0,,,1.954887,,
2026-07-27T17:10:00+00:00,2026-07-27T17:10:45.025144+00:00,2026-07-27T17:10:45.025144+00:00,2026-07-27 20:00 (Local Time),MAMMARI,,,,,1,10,27.9,,37.1,23.5,,5.0,,83.0,,,,,54.0,0.0,,,,,"{""Atmospheric Pressure (QNH)"": {""unit"": ""hPa"", ""value"": 1010.7}, ""Wind Direction (10m) at Runway 12"": {""unit"": ""Degrees"", ""value"": 268.0}, ""Wind Speed (10m) at Runway 12"": {""unit"": ""Knots"", ""value"": 12.1}}"
2026-07-27T17:10:00+00:00,2026-07-27T17:10:45.025144+00:00,2026-07-27T17:10:45.025144+00:00,2026-07-27 20:00 (Local Time),MATHIATIS,,,,,1,10,25.9,,37.2,19.6,2.4,1.0,4.0,0.0,286.0,,,,41.0,0.0,,,1.234666,,
2026-07-27T17:10:00+00:00,2026-07-27T17:10:45.025144+00:00,2026-07-27T17:10:45.025144+00:00,2026-07-27 20:00 (Local Time),PANAGIA_BRIDGE,,,,,1,6,25.6,26.9,35.0,16.2,,,,,,,,,59.0,0.0,,,,,
2026-07-27T17:10:00+00:00,2026-07-27T17:10:45.025144+00:00,2026-07-27T17:10:45.025144+00:00,2026-07-27 20:00 (Local Time),PAPHOS,,,,,1,8,26.2,,33.8,22.4,4.2,1.9,,,309.0,,,,68.0,0.0,,,2.160665,,
2026-07-27T17:10:00+00:00,2026-07-27T17:10:45.025144+00:00,2026-07-27T17:10:45.025144+00:00,2026-07-27 20:00 (Local Time),PAREKLISIA,,,,,1,7,26.4,,36.2,21.5,2.1,,,,56.0,,,,62.0,0.0,,,1.080332,,
2026-07-27T17:10:00+00:00,2026-07-27T17:10:45.025144+00:00,2026-07-27T17:10:45.025144+00:00,2026-07-27 20:00 (Local Time),PENTAKOMO,,,,,1,8,26.6,,30.8,23.4,1.7,0.9,,,87.0,,,,72.0,0.0,,,0.874555,,
2026-07-27T17:10:00+00:00,2026-07-27T17:10:45.025144+00:00,2026-07-27T17:10:45.025144+00:00,2026-07-27 20:00 (Local Time),PLATANIA,,,,,1,6,19.0,,29.6,16.2,,0.3,,,,,,,54.0,0.0,,,,,
2026-07-27T17:10:00+00:00,2026-07-27T17:10:45.025144+00:00,2026-07-27T17:10:45.025144+00:00,2026-07-27 20:00 (Local Time),POLIS,,,,,1,11,27.9,,31.6,21.8,2.8,1.3,7.0,,307.0,,,,65.0,0.0,1006.9,,1.440443,,"{""Atmospheric Pressure (Mean Sea Level)"": {""unit"": ""hPa"", ""value"": 1009.5}}"
2026-07-27T17:10:00+00:00,2026-07-27T17:10:45.025144+00:00,2026-07-27T17:10:45.025144+00:00,2026-07-27 20:00 (Local Time),POLYSTYPOS,,,,,1,8,21.7,,30.3,17.8,2.3,0.8,,,222.0,,,,45.0,0.0,,,1.183221,,
2026-07-27T17:10:00+00:00,2026-07-27T17:10:45.025144+00:00,2026-07-27T17:10:45.025144+00:00,2026-07-27 20:00 (Local Time),PRODROMOS,,,,,1,9,18.6,,26.5,15.3,3.7,0.5,,0.0,108.0,,,,45.0,0.0,,,1.903443,,
2026-07-27T17:10:00+00:00,2026-07-27T17:10:45.025144+00:00,2026-07-27T17:10:45.025144+00:00,,PYRGOS,,,,,0,0,,,,,,,,,,,,,,,,,,,
2026-07-27T17:10:00+00:00,2026-07-27T17:10:45.025144+00:00,2026-07-27T17:10:45.025144+00:00,2026-07-27 20:00 (Local Time),SAITTAS,,,,,1,5,26.3,,35.2,18.4,,,,,,,,,39.0,0.0,,,,,
2026-07-27T17:10:00+00:00,2026-07-27T17:10:45.025144+00:00,2026-07-27T17:10:45.025144+00:00,2026-07-27 20:00 (Local Time),TAMASOS,,,,,1,9,26.7,26.5,35.6,22.9,3.7,1.3,,,312.0,,,,51.0,0.0,,,1.903443,,
2026-07-27T17:10:00+00:00,2026-07-27T17:10:45.025144+00:00,2026-07-27T17:10:45.025144+00:00,2026-07-27 20:00 (Local Time),TEPAK,,,,,1,9,28.6,,35.9,21.3,3.6,1.3,,,87.0,,,,53.0,0.0,,,1.851998,,"{""Accumulated Rainfall (24 hours)"": {""unit"": ""mm"", ""value"": 0.0}}"
2026-07-27T17:10:00+00:00,2026-07-27T17:10:45.025144+00:00,2026-07-27T17:10:45.025144+00:00,2026-07-27 20:00 (Local Time),TRIPILOS,,,,,1,7,20.5,,32.1,16.4,1.7,,,,356.0,,,,46.0,0.0,,,0.874555,,
2026-07-27T17:10:00+00:00,2026-07-27T17:10:45.025144+00:00,2026-07-27T17:10:45.025144+00:00,2026-07-27 20:00 (Local Time),TROODOS,,,,,1,9,18.5,,26.3,13.8,6.6,1.7,,,347.0,,,,31.0,0.0,828.0,,3.39533,,
2026-07-27T17:10:00+00:00,2026-07-27T17:10:45.025144+00:00,2026-07-27T17:10:45.025144+00:00,2026-07-27 20:00 (Local Time),VISITOR,,,,,1,7,30.2,,37.4,24.4,5.4,,,,268.0,,,,43.0,0.0,,,2.777998,,
2026-07-27T17:10:00+00:00,2026-07-27T17:10:45.025144+00:00,2026-07-27T17:10:45.025144+00:00,2026-07-27 20:00 (Local Time),XYLIATOS,,,,,1,8,23.3,,33.5,20.0,3.0,,,11.0,344.0,,,,64.0,0.0,,,1.543332,,
2026-07-27T17:10:00+00:00,2026-07-27T17:10:45.025144+00:00,2026-07-27T17:10:45.025144+00:00,2026-07-27 20:00 (Local Time),XYLOPHAGOU,,,,,1,9,26.6,27.6,34.9,24.0,6.5,2.1,,,206.0,,,,83.0,0.0,,,3.343886,,
2026-07-27T17:10:00+00:00,2026-07-27T17:10:45.025144+00:00,2026-07-27T17:10:45.025144+00:00,2026-07-27 20:00 (Local Time),ZYGI,,,,,1,9,26.4,26.6,34.3,18.6,1.5,0.1,,,140.0,,,,69.0,0.0,,,0.771666,,
2026-07-27T18:40:00+00:00,2026-07-27T18:46:34.634532+00:00,2026-07-27T18:46:34.634532+00:00,2026-07-27 21:40 (Local Time),ACHNA,,,,,1,8,25.5,,26.1,25.4,1.6,0.4,,,215.0,,,,75.0,0.0,,,0.82311,,
2026-07-27T18:40:00+00:00,2026-07-27T18:46:34.634532+00:00,2026-07-27T18:46:34.634532+00:00,2026-07-27 21:40 (Local Time),AGROS,,,,,1,10,21.4,,21.7,21.2,1.9,0.4,4.0,0.0,325.0,,,,41.0,0.0,,,0.977444,,
2026-07-27T18:40:00+00:00,2026-07-27T18:46:34.634532+00:00,2026-07-27T18:46:34.634532+00:00,2026-07-27 21:40 (Local Time),AKAMAS,,,,,1,7,23.4,,23.5,23.2,4.8,,,,311.0,,,,87.0,0.0,,,2.469331,,
2026-07-27T18:40:00+00:00,2026-07-27T18:46:34.634532+00:00,2026-07-27T18:46:34.634532+00:00,2026-07-27 21:40 (Local Time),ALONOUDI,,,,,1,5,22.0,,24.4,21.9,,,,,,,,,54.0,0.0,,,,,
2026-07-27T18:40:00+00:00,2026-07-27T18:46:34.634532+00:00,2026-07-27T18:46:34.634532+00:00,2026-07-27 21:40 (Local Time),AMARGETI,,,,,1,9,23.0,,24.1,22.8,10.4,3.5,,,302.0,,,,63.0,0.0,960.1,,5.350218,,
2026-07-27T18:40:00+00:00,2026-07-27T18:46:34.634532+00:00,2026-07-27T18:46:34.634532+00:00,2026-07-27 21:40 (Local Time),ASTROMERITIS,,,,,1,8,23.3,,25.2,23.1,2.0,0.9,,,212.0,,,,64.0,0.0,,,1.028888,,
2026-07-27T18:40:00+00:00,2026-07-27T18:46:34.634532+00:00,2026-07-27T18:46:34.634532+00:00,2026-07-27 21:40 (Local Time),ATHALASSA,,,,,1,11,27.1,25.0,27.9,27.0,7.0,2.8,,,275.0,,,,58.0,0.0,991.4,,3.601108,,"{""Atmospheric Pressure (Mean Sea Level)"": {""unit"": ""hPa"", ""value"": 1009.9}}"
2026-07-27T18:40:00+00:00,2026-07-27T18:46:34.634532+00:00,2026-07-27T18:46:34.634532+00:00,2026-07-27 21:40 (Local Time),ATHIENOU,,,,,1,9,26.5,25.6,27.5,26.4,9.7,2.5,,,267.0,,,,57.0,0.0,,,4.990107,,
2026-07-27T18:40:00+00:00,2026-07-27T18:46:34.634532+00:00,2026-07-27T18:46:34.634532+00:00,2026-07-27 21:40 (Local Time),AVDIMOU,,,,,1,11,25.3,21.6,28.4,25.2,0.7,0.0,3.0,7.0,345.0,,,,45.0,0.0,,,0.360111,,
2026-07-27T18:40:00+00:00,2026-07-27T18:46:34.634532+00:00,2026-07-27T18:46:34.634532+00:00,2026-07-27 21:40 (Local Time),CAVO_GRECO,,,,,1,9,26.0,,26.3,26.0,11.7,3.3,,,235.0,,,,78.0,0.0,1002.5,,6.018995,,
2026-07-27T18:40:00+00:00,2026-07-27T18:46:34.634532+00:00,2026-07-27T18:46:34.634532+00:00,2026-07-27 21:40 (Local Time),CHROMIO,,,,,1,9,18.3,,18.7,18.1,8.3,2.0,,,59.0,,,,32.0,0.0,,,4.269885,,"{""Snow Depth"": {""unit"": ""cm"", ""value"": 0.0}}"
2026-07-27T18:40:00+00:00,2026-07-27T18:46:34.634532+00:00,2026-07-27T18:46:34.634532+00:00,2026-07-27 21:40 (Local Time),CYTASAT,,,,,1,10,24.8,,24.9,23.1,2.3,1.1,,,338.0,,,,47.0,0.0,984.4,,1.183221,,"{""Atmospheric Pressure (Mean Sea Level)"": {""unit"": ""hPa"", ""value"": 1010.7}}"
2026-07-27T18:40:00+00:00,2026-07-27T18:46:34.634532+00:00,2026-07-27T18:46:34.634532+00:00,2026-07-27 21:40 (Local Time),EPTAGONEIA,,,,,1,8,21.6,,22.8,21.5,0.5,0.2,,,0.0,,,,55.0,0.0,,,0.257222,,
2026-07-27T18:40:00+00:00,2026-07-27T18:46:34.634532+00:00,2026-07-27T18:46:34.634532+00:00,2026-07-27 21:40 (Local Time),FANEROMENI,,,,,1,4,26.8,,,,,,,,,,,,72.0,0.0,,,,,"{""Rain Intensity (10 min.)"": {""unit"": ""mm/min"", ""value"": 0.0}}"
2026-07-27T18:40:00+00:00,2026-07-27T18:46:34.634532+00:00,2026-07-27T18:46:34.634532+00:00,2026-07-27 21:40 (Local Time),FARMAKAS,,,,,1,10,20.0,,21.3,19.9,3.0,1.4,2.0,0.0,171.0,,,,59.0,0.0,,,1.543332,,
2026-07-27T18:40:00+00:00,2026-07-27T18:46:34.634532+00:00,2026-07-27T18:46:34.634532+00:00,2026-07-27 21:40 (Local Time),FRENAROS,,,,,1,11,26.3,25.4,26.6,26.2,6.8,2.8,,0.0,206.0,,,,82.0,0.0,999.6,,3.498219,,
2026-07-27T18:40:00+00:00,2026-07-27T18:46:34.634532+00:00,2026-07-27T18:46:34.634532+00:00,2026-07-27 21:40 (Local Time),KALAVASOS,,,,,1,5,24.8,,25.3,24.8,,,,,,,,,67.0,0.0,,,,,
2026-07-27T18:40:00+00:00,2026-07-27T18:46:34.634532+00:00,2026-07-27T18:46:34.634532+00:00,2026-07-27 21:40 (Local Time),KALOPANAYIOTIS,,,,,1,9,21.0,,21.5,20.9,4.3,0.9,,0.0,166.0,,,,58.0,0.0,,,2.212109,,
2026-07-27T18:40:00+00:00,2026-07-27T18:46:34.634532+00:00,2026-07-27T18:46:34.634532+00:00,2026-07-27 21:40 (Local Time),KAMPOS,,,,,1,11,24.9,24.4,25.0,24.6,4.8,1.4,540.0,0.0,268.0,,,,31.0,0.0,,,2.469331,,
2026-07-27T18:40:00+00:00,2026-07-27T18:46:34.634532+00:00,2026-07-27T18:46:34.634532+00:00,,KANNAVIOU,,,,,0,0,,,,,,,,,,,,,,,,,,,
2026-07-27T18:40:00+00:00,2026-07-27T18:46:34.634532+00:00,2026-07-27T18:46:34.634532+00:00,2026-07-27 21:40 (Local Time),KATHIKAS,,,,,1,6,21.6,,22.3,21.5,,,,,,,,,78.0,0.0,,,,,"{""Accumulated Rainfall (24 hours)"": {""unit"": ""mm"", ""value"": 0.0}}"
2026-07-27T18:40:00+00:00,2026-07-27T18:46:34.634532+00:00,2026-07-27T18:46:34.634532+00:00,2026-07-27 21:40 (Local Time),KEPNIC,,,,,1,1,,,,,,,,,,,,,,0.0,,,,,
2026-07-27T18:40:00+00:00,2026-07-27T18:46:34.634532+00:00,2026-07-27T18:46:34.634532+00:00,2026-07-27 21:40 (Local Time),KILANI,,,,,1,7,20.4,,21.0,20.1,,1.4,,2.0,,,,,48.0,0.0,,,,,
2026-07-27T18:40:00+00:00,2026-07-27T18:46:34.634532+00:00,2026-07-27T18:46:34.634532+00:00,2026-07-27 21:40 (Local Time),KORNOS,,,,,1,3,26.6,,,,,,,,,,,,42.0,0.0,,,,,
2026-07-27T18:40:00+00:00,2026-07-27T18:46:34.634532+00:00,2026-07-27T18:46:34.634532+00:00,2026-07-27 21:40 (Local Time),KOURIS,,,,,1,8,28.0,,29.2,27.9,11.9,4.1,,,15.0,,,,37.0,0.0,,,6.121884,,
2026-07-27T18:40:00+00:00,2026-07-27T18:46:34.634532+00:00,2026-07-27T18:46:34.634532+00:00,2026-07-27 21:40 (Local Time),KPYRGOS,,,,,1,8,25.9,,26.4,25.2,3.6,1.0,,,199.0,,,,54.0,0.0,,,1.851998,,
2026-07-27T18:40:00+00:00,2026-07-27T18:46:34.634532+00:00,2026-07-27T18:46:34.634532+00:00,2026-07-27 21:40 (Local Time),KYPEROUNTA,,,,,1,6,20.7,,20.9,20.5,,1.2,,0.0,,,,,39.0,,,,,,
2026-07-27T18:40:00+00:00,2026-07-27T18:46:34.634532+00:00,2026-07-27T18:46:34.634532+00:00,2026-07-27 21:40 (Local Time),LCLK,,,,,1,9,26.4,,26.7,26.4,,0.8,,,,,,,74.0,0.0,,,,,"{""Atmospheric Pressure (QNH)"": {""unit"": ""hPa"", ""value"": 1009.5}, ""Wind Direction (10m) at Runway 22"": {""unit"": ""Degrees"", ""value"": 219.0}, ""Wind Speed (10m) at Runway 22"": {""unit"": ""Knots"", ""value"": 4.0}}"
2026-07-27T18:40:00+00:00,2026-07-27T18:46:34.634532+00:00,2026-07-27T18:46:34.634532+00:00,2026-07-27 21:40 (Local Time),LCPH,,,,,1,9,26.7,,27.3,26.6,,3.7,,,,,,,70.0,0.0,,,,,"{""Atmospheric Pressure (QNH)"": {""unit"": ""hPa"", ""value"": 1010.1}, ""Wind Direction (10m) at Runway 29"": {""unit"": ""Degrees"", ""value"": 292.0}, ""Wind Speed (10m) at Runway 29"": {""unit"": ""Knots"", ""value"": 11.3}}"
2026-07-27T18:40:00+00:00,2026-07-27T18:46:34.634532+00:00,2026-07-27T18:46:34.634532+00:00,2026-07-27 21:40 (Local Time),LEFKARA,,,,,1,6,24.6,,24.9,24.4,,2.0,,,,,,,50.0,0.0,,,,,
2026-07-27T18:40:00+00:00,2026-07-27T18:46:34.634532+00:00,2026-07-27T18:46:34.634532+00:00,2026-07-27 21:40 (Local Time),LEFKOSIA,,,,,1,7,25.6,,26.4,25.6,,1.8,,,,,,,63.0,0.0,,,,,"{""Accumulated Rainfall (24 hours)"": {""unit"": ""mm"", ""value"": 0.0}}"
2026-07-27T18:40:00+00:00,2026-07-27T18:46:34.634532+00:00,2026-07-27T18:46:34.634532+00:00,2026-07-27 21:40 (Local Time),LIMASSOL,,,,,1,10,25.1,,25.7,25.1,,2.3,,2.0,,,,,76.0,0.0,1008.2,,,,"{""Wind Direction (10m) at Port Gate"": {""unit"": ""Degrees"", ""value"": 80.0}, ""Wind Speed (10m) at Port Gate"": {""unit"": ""Knots"", ""value"": 5.5}}"
2026-07-27T18:40:00+00:00,2026-07-27T18:46:34.634532+00:00,2026-07-27T18:46:34.634532+00:00,2026-07-27 21:40 (Local Time),LINOU,,,,,1,9,24.2,,24.6,24.1,8.3,3.4,,,173.0,,,,52.0,0.0,964.6,,4.269885,,
2026-07-27T18:40:00+00:00,2026-07-27T18:46:34.634532+00:00,2026-07-27T18:46:34.634532+00:00,2026-07-27 21:40 (Local Time),LYSOS,,,,,1,7,19.5,,19.8,19.0,5.6,,,,24.0,,,,77.0,0.0,,,2.880886,,
2026-07-27T18:40:00+00:00,2026-07-27T18:46:34.634532+00:00,2026-07-27T18:46:34.634532+00:00,2026-07-27 21:40 (Local Time),MALLIA,,,,,1,10,21.5,19.0,22.3,21.4,2.0,0.1,,10.0,203.0,,,,49.0,0.0,,,1.028888,,
2026-07-27T18:40:00+00:00,2026-07-27T18:46:34.634532+00:00,2026-07-27T18:46:34.634532+00:00,2026-07-27 21:40 (Local Time),MAMMARI,,,,,1,10,26.3,,26.8,26.3,,5.0,,81.0,,,,,65.0,0.0,,,,,"{""Atmospheric Pressure (QNH)"": {""unit"": ""hPa"", ""value"": 1011.2}, ""Wind Direction (10m) at Runway 12"": {""unit"": ""Degrees"", ""value"": 273.0}, ""Wind Speed (10m) at Runway 12"": {""unit"": ""Knots"", ""value"": 12.9}}"
2026-07-27T18:40:00+00:00,2026-07-27T18:46:34.634532+00:00,2026-07-27T18:46:34.634532+00:00,2026-07-27 21:40 (Local Time),MATHIATIS,,,,,1,10,23.3,,23.8,23.3,4.4,0.9,4.0,0.0,279.0,,,,52.0,0.0,,,2.263554,,
2026-07-27T18:40:00+00:00,2026-07-27T18:46:34.634532+00:00,2026-07-27T18:46:34.634532+00:00,2026-07-27 21:40 (Local Time),PANAGIA_BRIDGE,,,,,1,6,23.5,24.0,23.7,23.2,,,,,,,,,57.0,0.0,,,,,
2026-07-27T18:40:00+00:00,2026-07-27T18:46:34.634532+00:00,2026-07-27T18:46:34.634532+00:00,2026-07-27 21:40 (Local Time),PAPHOS,,,,,1,8,25.0,,25.4,25.0,2.8,1.3,,,298.0,,,,70.0,0.0,,,1.440443,,
2026-07-27T18:40:00+00:00,2026-07-27T18:46:34.634532+00:00,2026-07-27T18:46:34.634532+00:00,2026-07-27 21:40 (Local Time),PAREKLISIA,,,,,1,7,25.1,,25.3,25.0,2.0,,,,33.0,,,,64.0,0.0,,,1.028888,,
2026-07-27T18:40:00+00:00,2026-07-27T18:46:34.634532+00:00,2026-07-27T18:46:34.634532+00:00,2026-07-27 21:40 (Local Time),PENTAKOMO,,,,,1,8,25.8,,25.9,25.4,10.6,3.0,,,41.0,,,,70.0,0.0,,,5.453106,,
2026-07-27T18:40:00+00:00,2026-07-27T18:46:34.634532+00:00,2026-07-27T18:46:34.634532+00:00,2026-07-27 21:40 (Local Time),PLATANIA,,,,,1,6,18.2,,18.6,18.1,,0.2,,,,,,,47.0,0.0,,,,,
2026-07-27T18:40:00+00:00,2026-07-27T18:46:34.634532+00:00,2026-07-27T18:46:34.634532+00:00,2026-07-27 21:40 (Local Time),POLIS,,,,,1,11,25.3,,26.3,25.3,1.8,0.7,4.0,,99.0,,,,75.0,0.0,1007.3,,0.925999,,"{""Atmospheric Pressure (Mean Sea Level)"": {""unit"": ""hPa"", ""value"": 1010.0}}"
2026-07-27T18:40:00+00:00,2026-07-27T18:46:34.634532+00:00,2026-07-27T18:46:34.634532+00:00,2026-07-27 21:40 (Local Time),POLYSTYPOS,,,,,1,8,21.1,,21.2,20.6,1.2,0.1,,,215.0,,,,38.0,0.0,,,0.617333,,
2026-07-27T18:40:00+00:00,2026-07-27T18:46:34.634532+00:00,2026-07-27T18:46:34.634532+00:00,2026-07-27 21:40 (Local Time),PRODROMOS,,,,,1,9,19.2,,19.6,17.5,10.0,2.5,,0.0,68.0,,,,40.0,0.0,,,5.14444,,
2026-07-27T18:40:00+00:00,2026-07-27T18:46:34.634532+00:00,2026-07-27T18:46:34.634532+00:00,2026-07-27 21:40 (Local Time),PYRGOS,,,,,1,5,21.8,,,,11.2,,,,226.9,,,,70.0,0.0,,,5.761773,,
2026-07-27T18:40:00+00:00,2026-07-27T18:46:34.634532+00:00,2026-07-27T18:46:34.634532+00:00,2026-07-27 21:40 (Local Time),SAITTAS,,,,,1,5,22.2,,23.0,22.1,,,,,,,,,43.0,0.0,,,,,
2026-07-27T18:40:00+00:00,2026-07-27T18:46:34.634532+00:00,2026-07-27T18:46:34.634532+00:00,2026-07-27 21:40 (Local Time),TAMASOS,,,,,1,9,25.1,24.9,25.4,24.9,3.5,1.1,,,249.0,,,,56.0,0.0,,,1.800554,,
2026-07-27T18:40:00+00:00,2026-07-27T18:46:34.634532+00:00,2026-07-27T18:46:34.634532+00:00,2026-07-27 21:40 (Local Time),TEPAK,,,,,1,9,25.4,,26.0,25.4,2.3,0.8,,,81.0,,,,69.0,0.0,,,1.183221,,"{""Accumulated Rainfall (24 hours)"": {""unit"": ""mm"", ""value"": 0.0}}"
2026-07-27T18:40:00+00:00,2026-07-27T18:46:34.634532+00:00,2026-07-27T18:46:34.634532+00:00,2026-07-27 21:40 (Local Time),TRIPILOS,,,,,1,7,20.3,,20.9,20.2,4.4,,,,328.0,,,,34.0,0.0,,,2.263554,,
2026-07-27T18:40:00+00:00,2026-07-27T18:46:34.634532+00:00,2026-07-27T18:46:34.634532+00:00,2026-07-27 21:40 (Local Time),TROODOS,,,,,1,9,19.0,,19.1,18.6,9.7,2.5,,,359.0,,,,29.0,0.0,828.5,,4.990107,,
2026-07-27T18:40:00+00:00,2026-07-27T18:46:34.634532+00:00,2026-07-27T18:46:34.634532+00:00,2026-07-27 21:40 (Local Time),VISITOR,,,,,1,7,27.7,,28.4,27.6,1.8,,,,258.0,,,,59.0,0.0,,,0.925999,,
2026-07-27T18:40:00+00:00,2026-07-27T18:46:34.634532+00:00,2026-07-27T18:46:34.634532+00:00,2026-07-27 21:40 (Local Time),XYLIATOS,,,,,1,8,22.2,,22.3,21.4,4.4,,,9.0,198.0,,,,57.0,0.0,,,2.263554,,
2026-07-27T18:40:00+00:00,2026-07-27T18:46:34.634532+00:00,2026-07-27T18:46:34.634532+00:00,2026-07-27 21:40 (Local Time),XYLOPHAGOU,,,,,1,9,26.1,26.8,26.2,26.0,6.8,2.3,,,222.0,,,,84.0,0.0,,,3.498219,,
2026-07-27T18:40:00+00:00,2026-07-27T18:46:34.634532+00:00,2026-07-27T18:46:34.634532+00:00,2026-07-27 21:40 (Local Time),ZYGI,,,,,1,9,23.4,23.6,24.3,23.4,1.3,0.2,,,25.0,,,,76.0,0.0,,,0.668777,,
2026-07-27T20:00:00+00:00,2026-07-27T20:09:49.407489+00:00,2026-07-27T20:09:49.407489+00:00,2026-07-27 23:00 (Local Time),ACHNA,,,,,1,8,25.4,,26.1,24.7,2.1,0.8,,,290.0,,,,59.0,0.0,,,1.080332,,
2026-07-27T20:00:00+00:00,2026-07-27T20:09:49.407489+00:00,2026-07-27T20:09:49.407489+00:00,2026-07-27 23:00 (Local Time),AGROS,,,,,1,10,21.8,,21.9,20.7,1.1,0.7,4.0,0.0,293.0,,,,37.0,0.0,,,0.565888,,
2026-07-27T20:00:00+00:00,2026-07-27T20:09:49.407489+00:00,2026-07-27T20:09:49.407489+00:00,2026-07-27 23:00 (Local Time),AKAMAS,,,,,1,7,23.6,,23.7,21.6,6.6,,,,339.0,,,,62.0,0.0,,,3.39533,,
2026-07-27T20:00:00+00:00,2026-07-27T20:09:49.407489+00:00,2026-07-27T20:09:49.407489+00:00,,ALONOUDI,,,,,0,0,,,,,,,,,,,,,,,,,,,
2026-07-27T20:00:00+00:00,2026-07-27T20:09:49.407489+00:00,2026-07-27T20:09:49.407489+00:00,2026-07-27 23:00 (Local Time),AMARGETI,,,,,1,9,22.2,,24.6,21.9,10.0,2.7,,,324.0,,,,55.0,0.0,960.3,,5.14444,,
2026-07-27T20:00:00+00:00,2026-07-27T20:09:49.407489+00:00,2026-07-27T20:09:49.407489+00:00,2026-07-27 23:00 (Local Time),ASTROMERITIS,,,,,1,8,22.8,,25.2,22.5,5.3,1.3,,,236.0,,,,61.0,0.0,,,2.726553,,
2026-07-27T20:00:00+00:00,2026-07-27T20:09:49.407489+00:00,2026-07-27T20:09:49.407489+00:00,2026-07-27 23:00 (Local Time),ATHALASSA,,,,,1,11,26.1,24.1,27.9,26.0,7.9,3.3,,,277.0,,,,69.0,0.0,991.5,,4.064108,,"{""Atmospheric Pressure (Mean Sea Level)"": {""unit"": ""hPa"", ""value"": 1010.0}}"
2026-07-27T20:00:00+00:00,2026-07-27T20:09:49.407489+00:00,2026-07-27T20:09:49.407489+00:00,2026-07-27 23:00 (Local Time),ATHIENOU,,,,,1,9,25.5,24.8,27.5,25.4,11.0,3.4,,,279.0,,,,64.0,0.0,,,5.658884,,
2026-07-27T20:00:00+00:00,2026-07-27T20:09:49.407489+00:00,2026-07-27T20:09:49.407489+00:00,2026-07-27 23:00 (Local Time),AVDIMOU,,,,,1,11,23.0,19.5,28.4,22.9,1.2,0.1,3.0,7.0,333.0,,,,51.0,0.0,,,0.617333,,
2026-07-27T20:00:00+00:00,2026-07-27T20:09:49.407489+00:00,2026-07-27T20:09:49.407489+00:00,2026-07-27 23:00 (Local Time),CAVO_GRECO,,,,,1,9,25.9,,26.3,25.7,7.8,2.5,,,251.0,,,,73.0,0.0,1002.3,,4.012663,,
2026-07-27T20:00:00+00:00,2026-07-27T20:09:49.407489+00:00,2026-07-27T20:09:49.407489+00:00,2026-07-27 23:00 (Local Time),CHROMIO,,,,,1,9,18.1,,18.7,18.0,6.4,1.8,,,55.0,,,,34.0,0.0,,,3.292442,,"{""Snow Depth"": {""unit"": ""cm"", ""value"": 0.0}}"
2026-07-27T20:00:00+00:00,2026-07-27T20:09:49.407489+00:00,2026-07-27T20:09:49.407489+00:00,2026-07-27 23:00 (Local Time),CYTASAT,,,,,1,10,22.7,,25.0,22.7,0.0,0.6,,,187.0,,,,53.0,0.0,984.3,,0.0,,"{""Atmospheric Pressure (Mean Sea Level)"": {""unit"": ""hPa"", ""value"": 1010.8}}"
2026-07-27T20:00:00+00:00,2026-07-27T20:09:49.407489+00:00,2026-07-27T20:09:49.407489+00:00,2026-07-27 23:00 (Local Time),EPTAGONEIA,,,,,1,8,20.0,,22.8,20.0,1.5,0.1,,,278.0,,,,51.0,0.0,,,0.771666,,
2026-07-27T20:00:00+00:00,2026-07-27T20:09:49.407489+00:00,2026-07-27T20:09:49.407489+00:00,2026-07-27 23:00 (Local Time),FANEROMENI,,,,,1,4,25.6,,,,,,,,,,,,59.0,0.0,,,,,"{""Rain Intensity (10 min.)"": {""unit"": ""mm/min"", ""value"": 0.0}}"
2026-07-27T20:00:00+00:00,2026-07-27T20:09:49.407489+00:00,2026-07-27T20:09:49.407489+00:00,2026-07-27 23:00 (Local Time),FARMAKAS,,,,,1,10,19.2,,21.3,19.1,1.4,1.2,2.0,0.0,170.0,,,,65.0,0.0,,,0.720222,,
2026-07-27T20:00:00+00:00,2026-07-27T20:09:49.407489+00:00,2026-07-27T20:09:49.407489+00:00,2026-07-27 23:00 (Local Time),FRENAROS,,,,,1,11,25.9,24.8,26.6,25.7,5.0,2.2,,0.0,278.0,,,,67.0,0.0,999.6,,2.57222,,
2026-07-27T20:00:00+00:00,2026-07-27T20:09:49.407489+00:00,2026-07-27T20:09:49.407489+00:00,2026-07-27 23:00 (Local Time),KALAVASOS,,,,,1,5,25.5,,25.7,24.8,,,,,,,,,48.0,0.0,,,,,
2026-07-27T20:00:00+00:00,2026-07-27T20:09:49.407489+00:00,2026-07-27T20:09:49.407489+00:00,2026-07-27 23:00 (Local Time),KALOPANAYIOTIS,,,,,1,9,20.1,,21.5,20.0,4.8,1.2,,0.0,162.0,,,,57.0,0.0,,,2.469331,,
2026-07-27T20:00:00+00:00,2026-07-27T20:09:49.407489+00:00,2026-07-27T20:09:49.407489+00:00,2026-07-27 23:00 (Local Time),KAMPOS,,,,,1,11,24.2,23.0,25.2,24.0,4.3,1.0,442.0,0.0,298.0,,,,30.0,0.0,,,2.212109,,
2026-07-27T20:00:00+00:00,2026-07-27T20:09:49.407489+00:00,2026-07-27T20:09:49.407489+00:00,,KANNAVIOU,,,,,0,0,,,,,,,,,,,,,,,,,,,
2026-07-27T20:00:00+00:00,2026-07-27T20:09:49.407489+00:00,2026-07-27T20:09:49.407489+00:00,2026-07-27 23:00 (Local Time),KATHIKAS,,,,,1,6,22.3,,22.4,21.1,,,,,,,,,55.0,0.0,,,,,"{""Accumulated Rainfall (24 hours)"": {""unit"": ""mm"", ""value"": 0.0}}"
2026-07-27T20:00:00+00:00,2026-07-27T20:09:49.407489+00:00,2026-07-27T20:09:49.407489+00:00,2026-07-27 23:00 (Local Time),KEPNIC,,,,,1,1,,,,,,,,,,,,,,0.0,,,,,
2026-07-27T20:00:00+00:00,2026-07-27T20:09:49.407489+00:00,2026-07-27T20:09:49.407489+00:00,2026-07-27 23:00 (Local Time),KILANI,,,,,1,7,21.8,,21.9,19.3,,1.3,,1.0,,,,,42.0,0.0,,,,,
2026-07-27T20:00:00+00:00,2026-07-27T20:09:49.407489+00:00,2026-07-27T20:09:49.407489+00:00,2026-07-27 23:00 (Local Time),KORNOS,,,,,1,3,26.0,,,,,,,,,,,,42.0,0.0,,,,,
2026-07-27T20:00:00+00:00,2026-07-27T20:09:49.407489+00:00,2026-07-27T20:09:49.407489+00:00,2026-07-27 23:00 (Local Time),KOURIS,,,,,1,8,27.3,,29.2,27.2,13.2,4.6,,,16.0,,,,34.0,0.0,,,6.790661,,
2026-07-27T20:00:00+00:00,2026-07-27T20:09:49.407489+00:00,2026-07-27T20:09:49.407489+00:00,2026-07-27 23:00 (Local Time),KPYRGOS,,,,,1,8,23.4,,26.4,22.7,4.2,1.3,,,159.0,,,,48.0,0.0,,,2.160665,,
2026-07-27T20:00:00+00:00,2026-07-27T20:09:49.407489+00:00,2026-07-27T20:09:49.407489+00:00,2026-07-27 23:00 (Local Time),KYPEROUNTA,,,,,1,6,20.2,,22.4,20.1,,3.6,,0.0,,,,,40.0,,,,,,
2026-07-27T20:00:00+00:00,2026-07-27T20:09:49.407489+00:00,2026-07-27T20:09:49.407489+00:00,2026-07-27 23:00 (Local Time),LCLK,,,,,1,9,25.6,,26.7,25.3,,0.2,,,,,,,75.0,0.0,,,,,"{""Atmospheric Pressure (QNH)"": {""unit"": ""hPa"", ""value"": 1009.4}, ""Wind Direction (10m) at Runway 22"": {""unit"": ""Degrees"", ""value"": 59.0}, ""Wind Speed (10m) at Runway 22"": {""unit"": ""Knots"", ""value"": 1.2}}"
2026-07-27T20:00:00+00:00,2026-07-27T20:09:49.407489+00:00,2026-07-27T20:09:49.407489+00:00,2026-07-27 23:00 (Local Time),LCPH,,,,,1,9,26.1,,27.3,26.1,,1.5,,,,,,,74.0,0.0,,,,,"{""Atmospheric Pressure (QNH)"": {""unit"": ""hPa"", ""value"": 1010.4}, ""Wind Direction (10m) at Runway 29"": {""unit"": ""Degrees"", ""value"": 292.0}, ""Wind Speed (10m) at Runway 29"": {""unit"": ""Knots"", ""value"": 6.5}}"
2026-07-27T20:00:00+00:00,2026-07-27T20:09:49.407489+00:00,2026-07-27T20:09:49.407489+00:00,2026-07-27 23:00 (Local Time),LEFKARA,,,,,1,6,22.3,,24.9,22.2,,2.2,,,,,,,52.0,0.0,,,,,
2026-07-27T20:00:00+00:00,2026-07-27T20:09:49.407489+00:00,2026-07-27T20:09:49.407489+00:00,2026-07-27 23:00 (Local Time),LEFKOSIA,,,,,1,7,24.5,,26.4,24.5,,1.5,,,,,,,73.0,0.0,,,,,"{""Accumulated Rainfall (24 hours)"": {""unit"": ""mm"", ""value"": 0.0}}"
2026-07-27T20:00:00+00:00,2026-07-27T20:09:49.407489+00:00,2026-07-27T20:09:49.407489+00:00,2026-07-27 23:00 (Local Time),LIMASSOL,,,,,1,10,23.9,,25.7,23.9,,0.1,,0.0,,,,,84.0,0.0,1008.2,,,,"{""Wind Direction (10m) at Port Gate"": {""unit"": ""Degrees"", ""value"": 152.0}, ""Wind Speed (10m) at Port Gate"": {""unit"": ""Knots"", ""value"": 0.7}}"
2026-07-27T20:00:00+00:00,2026-07-27T20:09:49.407489+00:00,2026-07-27T20:09:49.407489+00:00,2026-07-27 23:00 (Local Time),LINOU,,,,,1,9,24.3,,25.1,24.0,4.7,2.0,,,196.0,,,,44.0,0.0,965.0,,2.417887,,
2026-07-27T20:00:00+00:00,2026-07-27T20:09:49.407489+00:00,2026-07-27T20:09:49.407489+00:00,2026-07-27 23:00 (Local Time),LYSOS,,,,,1,7,19.6,,19.9,18.9,5.6,,,,20.0,,,,59.0,0.0,,,2.880886,,
2026-07-27T20:00:00+00:00,2026-07-27T20:09:49.407489+00:00,2026-07-27T20:09:49.407489+00:00,2026-07-27 23:00 (Local Time),MALLIA,,,,,1,10,21.2,18.0,22.3,20.9,1.3,0.2,,10.0,201.0,,,,49.0,0.0,,,0.668777,,
2026-07-27T20:00:00+00:00,2026-07-27T20:09:49.407489+00:00,2026-07-27T20:09:49.407489+00:00,2026-07-27 23:00 (Local Time),MAMMARI,,,,,1,10,25.4,,26.8,25.3,,5.3,,81.0,,,,,73.0,0.0,,,,,"{""Atmospheric Pressure (QNH)"": {""unit"": ""hPa"", ""value"": 1011.4}, ""Wind Direction (10m) at Runway 12"": {""unit"": ""Degrees"", ""value"": 273.0}, ""Wind Speed (10m) at Runway 12"": {""unit"": ""Knots"", ""value"": 13.5}}"
2026-07-27T20:00:00+00:00,2026-07-27T20:09:49.407489+00:00,2026-07-27T20:09:49.407489+00:00,2026-07-27 23:00 (Local Time),MATHIATIS,,,,,1,10,23.3,,23.8,23.0,0.9,0.2,4.0,0.0,281.0,,,,39.0,0.0,,,0.463,,
2026-07-27T20:00:00+00:00,2026-07-27T20:09:49.407489+00:00,2026-07-27T20:09:49.407489+00:00,2026-07-27 23:00 (Local Time),PANAGIA_BRIDGE,,,,,1,6,20.5,21.3,23.7,20.4,,,,,,,,,66.0,0.0,,,,,
2026-07-27T20:00:00+00:00,2026-07-27T20:09:49.407489+00:00,2026-07-27T20:09:49.407489+00:00,2026-07-27 23:00 (Local Time),PAPHOS,,,,,1,8,24.8,,25.4,24.7,2.3,1.2,,,321.0,,,,64.0,0.0,,,1.183221,,
2026-07-27T20:00:00+00:00,2026-07-27T20:09:49.407489+00:00,2026-07-27T20:09:49.407489+00:00,2026-07-27 23:00 (Local Time),PAREKLISIA,,,,,1,7,24.9,,25.3,24.8,0.8,,,,9.0,,,,55.0,0.0,,,0.411555,,
2026-07-27T20:00:00+00:00,2026-07-27T20:09:49.407489+00:00,2026-07-27T20:09:49.407489+00:00,2026-07-27 23:00 (Local Time),PENTAKOMO,,,,,1,8,24.7,,25.9,24.5,2.1,0.8,,,9.0,,,,71.0,0.0,,,1.080332,,
2026-07-27T20:00:00+00:00,2026-07-27T20:09:49.407489+00:00,2026-07-27T20:09:49.407489+00:00,2026-07-27 23:00 (Local Time),PLATANIA,,,,,1,6,17.7,,18.9,17.6,,0.3,,,,,,,59.0,0.0,,,,,
2026-07-27T20:00:00+00:00,2026-07-27T20:09:49.407489+00:00,2026-07-27T20:09:49.407489+00:00,2026-07-27 23:00 (Local Time),POLIS,,,,,1,11,24.1,,26.3,23.9,3.8,1.0,4.0,,157.0,,,,79.0,0.0,1007.4,,1.954887,,"{""Atmospheric Pressure (Mean Sea Level)"": {""unit"": ""hPa"", ""value"": 1010.0}}"
2026-07-27T20:00:00+00:00,2026-07-27T20:09:49.407489+00:00,2026-07-27T20:09:49.407489+00:00,2026-07-27 23:00 (Local Time),POLYSTYPOS,,,,,1,8,21.4,,22.2,20.6,0.0,0.1,,,319.0,,,,37.0,0.0,,,0.0,,
2026-07-27T20:00:00+00:00,2026-07-27T20:09:49.407489+00:00,2026-07-27T20:09:49.407489+00:00,2026-07-27 23:00 (Local Time),PRODROMOS,,,,,1,9,17.4,,19.9,17.1,9.2,2.1,,0.0,67.0,,,,44.0,0.0,,,4.732885,,
2026-07-27T20:00:00+00:00,2026-07-27T20:09:49.407489+00:00,2026-07-27T20:09:49.407489+00:00,2026-07-27 23:00 (Local Time),PYRGOS,,,,,1,5,22.5,,,,10.2,,,,243.0,,,,55.0,0.0,,,5.247329,,
2026-07-27T20:00:00+00:00,2026-07-27T20:09:49.407489+00:00,2026-07-27T20:09:49.407489+00:00,2026-07-27 23:00 (Local Time),SAITTAS,,,,,1,5,22.2,,23.0,21.3,,,,,,,,,43.0,0.0,,,,,
2026-07-27T20:00:00+00:00,2026-07-27T20:09:49.407489+00:00,2026-07-27T20:09:49.407489+00:00,2026-07-27 23:00 (Local Time),TAMASOS,,,,,1,9,25.1,24.4,26.4,24.8,4.4,1.3,,,292.0,,,,49.0,0.0,,,2.263554,,
2026-07-27T20:00:00+00:00,2026-07-27T20:09:49.407489+00:00,2026-07-27T20:09:49.407489+00:00,2026-07-27 23:00 (Local Time),TEPAK,,,,,1,9,24.7,,26.0,24.7,0.0,0.1,,,88.0,,,,72.0,0.0,,,0.0,,"{""Accumulated Rainfall (24 hours)"": {""unit"": ""mm"", ""value"": 0.0}}"
2026-07-27T20:00:00+00:00,2026-07-27T20:09:49.407489+00:00,2026-07-27T20:09:49.407489+00:00,2026-07-27 23:00 (Local Time),TRIPILOS,,,,,1,7,20.3,,20.9,20.1,3.9,,,,315.0,,,,31.0,0.0,,,2.006332,,
2026-07-27T20:00:00+00:00,2026-07-27T20:09:49.407489+00:00,2026-07-27T20:09:49.407489+00:00,2026-07-27 23:00 (Local Time),TROODOS,,,,,1,9,19.0,,19.5,18.6,7.7,1.9,,,4.0,,,,32.0,0.0,828.5,,3.961219,,
2026-07-27T20:00:00+00:00,2026-07-27T20:09:49.407489+00:00,2026-07-27T20:09:49.407489+00:00,2026-07-27 23:00 (Local Time),VISITOR,,,,,1,7,26.7,,28.4,26.6,4.0,,,,272.0,,,,70.0,0.0,,,2.057776,,
2026-07-27T20:00:00+00:00,2026-07-27T20:09:49.407489+00:00,2026-07-27T20:09:49.407489+00:00,2026-07-27 23:00 (Local Time),XYLIATOS,,,,,1,8,22.7,,23.8,21.4,2.0,,,7.0,286.0,,,,47.0,0.0,,,1.028888,,
2026-07-27T20:00:00+00:00,2026-07-27T20:09:49.407489+00:00,2026-07-27T20:09:49.407489+00:00,2026-07-27 23:00 (Local Time),XYLOPHAGOU,,,,,1,9,25.4,25.4,26.2,25.4,4.4,1.2,,,262.0,,,,69.0,0.0,,,2.263554,,
2026-07-27T20:00:00+00:00,2026-07-27T20:09:49.407489+00:00,2026-07-27T20:09:49.407489+00:00,2026-07-27 23:00 (Local Time),ZYGI,,,,,1,9,21.9,21.9,24.3,21.8,1.7,0.1,,,345.0,,,,74.0,0.0,,,0.874555,,
2026-07-27T21:20:00+00:00,2026-07-27T21:29:23.171522+00:00,2026-07-27T21:29:23.171522+00:00,2026-07-28 00:20 (Local Time),ACHNA,,,,,1,8,26.2,,26.3,24.7,4.9,1.7,,,296.0,,,,59.0,0.0,,,2.520776,,
2026-07-27T21:20:00+00:00,2026-07-27T21:29:23.171522+00:00,2026-07-27T21:29:23.171522+00:00,2026-07-28 00:20 (Local Time),AGROS,,,,,1,10,22.8,,23.1,20.7,5.1,1.7,4.0,0.0,333.0,,,,29.0,0.0,,,2.623664,,
2026-07-27T21:20:00+00:00,2026-07-27T21:29:23.171522+00:00,2026-07-27T21:29:23.171522+00:00,2026-07-28 00:20 (Local Time),AKAMAS,,,,,1,7,23.5,,23.8,21.6,4.2,,,,301.0,,,,75.0,0.0,,,2.160665,,
2026-07-27T21:20:00+00:00,2026-07-27T21:29:23.171522+00:00,2026-07-27T21:29:23.171522+00:00,2026-07-28 00:20 (Local Time),ALONOUDI,,,,,1,5,18.1,,24.4,18.0,,,,,,,,,49.0,0.0,,,,,
2026-07-27T21:20:00+00:00,2026-07-27T21:29:23.171522+00:00,2026-07-27T21:29:23.171522+00:00,2026-07-28 00:20 (Local Time),AMARGETI,,,,,1,9,25.2,,25.3,21.9,11.8,3.4,,,333.0,,,,33.0,0.0,960.1,,6.070439,,
2026-07-27T21:20:00+00:00,2026-07-27T21:29:23.171522+00:00,2026-07-27T21:29:23.171522+00:00,,ASTROMERITIS,,,,,0,0,,,,,,,,,,,,,,,,,,,
2026-07-27T21:20:00+00:00,2026-07-27T21:29:23.171522+00:00,2026-07-27T21:29:23.171522+00:00,2026-07-28 00:20 (Local Time),ATHALASSA,,,,,1,11,25.7,23.4,27.9,25.6,7.6,3.1,,,270.0,,,,56.0,0.0,991.4,,3.909774,,"{""Atmospheric Pressure (Mean Sea Level)"": {""unit"": ""hPa"", ""value"": 1009.9}}"
2026-07-27T21:20:00+00:00,2026-07-27T21:29:23.171522+00:00,2026-07-27T21:29:23.171522+00:00,2026-07-28 00:20 (Local Time),ATHIENOU,,,,,1,9,24.6,23.5,27.5,24.4,9.3,2.2,,,259.0,,,,53.0,0.0,,,4.784329,,
2026-07-27T21:20:00+00:00,2026-07-27T21:29:23.171522+00:00,2026-07-27T21:29:23.171522+00:00,2026-07-28 00:20 (Local Time),AVDIMOU,,,,,1,11,23.4,18.4,28.4,21.8,2.5,0.3,3.0,5.0,101.0,,,,44.0,0.0,,,1.28611,,
2026-07-27T21:20:00+00:00,2026-07-27T21:29:23.171522+00:00,2026-07-27T21:29:23.171522+00:00,2026-07-28 00:20 (Local Time),CAVO_GRECO,,,,,1,9,25.3,,26.3,24.6,8.9,3.1,,,269.0,,,,57.0,0.0,1002.1,,4.578552,,
2026-07-27T21:20:00+00:00,2026-07-27T21:29:23.171522+00:00,2026-07-27T21:29:23.171522+00:00,2026-07-28 00:20 (Local Time),CHROMIO,,,,,1,9,18.2,,18.7,17.8,10.2,3.3,,,32.0,,,,36.0,0.0,,,5.247329,,"{""Snow Depth"": {""unit"": ""cm"", ""value"": 0.0}}"
2026-07-27T21:20:00+00:00,2026-07-27T21:29:23.171522+00:00,2026-07-27T21:29:23.171522+00:00,2026-07-28 00:20 (Local Time),CYTASAT,,,,,1,10,21.9,,25.0,21.9,1.2,0.8,,,50.0,,,,48.0,0.0,984.1,,0.617333,,"{""Atmospheric Pressure (Mean Sea Level)"": {""unit"": ""hPa"", ""value"": 1010.8}}"
2026-07-27T21:20:00+00:00,2026-07-27T21:29:23.171522+00:00,2026-07-27T21:29:23.171522+00:00,2026-07-28 00:20 (Local Time),EPTAGONEIA,,,,,1,8,20.3,,22.8,19.4,1.6,0.4,,,218.0,,,,47.0,0.0,,,0.82311,,
2026-07-27T21:20:00+00:00,2026-07-27T21:29:23.171522+00:00,2026-07-27T21:29:23.171522+00:00,2026-07-28 00:20 (Local Time),FANEROMENI,,,,,1,4,27.9,,,,,,,,,,,,46.0,0.0,,,,,"{""Rain Intensity (10 min.)"": {""unit"": ""mm/min"", ""value"": 0.0}}"
2026-07-27T21:20:00+00:00,2026-07-27T21:29:23.171522+00:00,2026-07-27T21:29:23.171522+00:00,2026-07-28 00:20 (Local Time),FARMAKAS,,,,,1,10,18.9,,21.3,18.7,1.9,1.3,2.0,0.0,153.0,,,,54.0,0.0,,,0.977444,,
2026-07-27T21:20:00+00:00,2026-07-27T21:29:23.171522+00:00,2026-07-27T21:29:23.171522+00:00,2026-07-28 00:20 (Local Time),FRENAROS,,,,,1,11,25.3,24.0,26.6,25.3,6.9,2.9,,0.0,284.0,,,,75.0,0.0,999.3,,3.549664,,
2026-07-27T21:20:00+00:00,2026-07-27T21:29:23.171522+00:00,2026-07-27T21:29:23.171522+00:00,2026-07-28 00:20 (Local Time),KALAVASOS,,,,,1,5,24.8,,26.0,24.7,,,,,,,,,49.0,0.0,,,,,
2026-07-27T21:20:00+00:00,2026-07-27T21:29:23.171522+00:00,2026-07-27T21:29:23.171522+00:00,2026-07-28 00:20 (Local Time),KALOPANAYIOTIS,,,,,1,9,19.0,,21.5,19.0,4.9,0.8,,0.0,172.0,,,,48.0,0.0,,,2.520776,,
2026-07-27T21:20:00+00:00,2026-07-27T21:29:23.171522+00:00,2026-07-27T21:29:23.171522+00:00,2026-07-28 00:20 (Local Time),KAMPOS,,,,,1,11,24.0,22.7,25.2,23.8,2.9,1.0,504.0,0.0,275.0,,,,33.0,0.0,,,1.491888,,
2026-07-27T21:20:00+00:00,2026-07-27T21:29:23.171522+00:00,2026-07-27T21:29:23.171522+00:00,,KANNAVIOU,,,,,0,0,,,,,,,,,,,,,,,,,,,
2026-07-27T21:20:00+00:00,2026-07-27T21:29:23.171522+00:00,2026-07-27T21:29:23.171522+00:00,2026-07-28 00:20 (Local Time),KATHIKAS,,,,,1,6,22.3,,22.7,21.1,,,,,,,,,53.0,0.0,,,,,"{""Accumulated Rainfall (24 hours)"": {""unit"": ""mm"", ""value"": 0.0}}"
2026-07-27T21:20:00+00:00,2026-07-27T21:29:23.171522+00:00,2026-07-27T21:29:23.171522+00:00,2026-07-28 00:20 (Local Time),KEPNIC,,,,,1,1,,,,,,,,,,,,,,0.0,,,,,
2026-07-27T21:20:00+00:00,2026-07-27T21:29:23.171522+00:00,2026-07-27T21:29:23.171522+00:00,2026-07-28 00:20 (Local Time),KILANI,,,,,1,7,21.6,,22.9,19.3,,1.1,,1.0,,,,,35.0,0.0,,,,,
2026-07-27T21:20:00+00:00,2026-07-27T21:29:23.171522+00:00,2026-07-27T21:29:23.171522+00:00,2026-07-28 00:20 (Local Time),KORNOS,,,,,1,3,26.6,,,,,,,,,,,,32.0,0.0,,,,,
2026-07-27T21:20:00+00:00,2026-07-27T21:29:23.171522+00:00,2026-07-27T21:29:23.171522+00:00,2026-07-28 00:20 (Local Time),KOURIS,,,,,1,8,27.0,,29.2,26.8,12.5,4.4,,,17.0,,,,34.0,0.0,,,6.43055,,
2026-07-27T21:20:00+00:00,2026-07-27T21:29:23.171522+00:00,2026-07-27T21:29:23.171522+00:00,2026-07-28 00:20 (Local Time),KPYRGOS,,,,,1,8,23.6,,26.4,22.7,3.7,1.4,,,153.0,,,,43.0,0.0,,,1.903443,,
2026-07-27T21:20:00+00:00,2026-07-27T21:29:23.171522+00:00,2026-07-27T21:29:23.171522+00:00,2026-07-28 00:20 (Local Time),KYPEROUNTA,,,,,1,6,20.9,,22.4,19.4,,6.4,,0.0,,,,,30.0,,,,,,
2026-07-27T21:20:00+00:00,2026-07-27T21:29:23.171522+00:00,2026-07-27T21:29:23.171522+00:00,2026-07-28 00:20 (Local Time),LCLK,,,,,1,9,25.6,,26.7,24.2,,1.1,,,,,,,55.0,0.0,,,,,"{""Atmospheric Pressure (QNH)"": {""unit"": ""hPa"", ""value"": 1009.2}, ""Wind Direction (10m) at Runway 22"": {""unit"": ""Degrees"", ""value"": 292.0}, ""Wind Speed (10m) at Runway 22"": {""unit"": ""Knots"", ""value"": 4.2}}"
2026-07-27T21:20:00+00:00,2026-07-27T21:29:23.171522+00:00,2026-07-27T21:29:23.171522+00:00,2026-07-28 00:20 (Local Time),LCPH,,,,,1,9,25.1,,27.3,24.7,,1.9,,,,,,,71.0,0.0,,,,,"{""Atmospheric Pressure (QNH)"": {""unit"": ""hPa"", ""value"": 1010.1}, ""Wind Direction (10m) at Runway 29"": {""unit"": ""Degrees"", ""value"": 293.0}, ""Wind Speed (10m) at Runway 29"": {""unit"": ""Knots"", ""value"": 6.9}}"
2026-07-27T21:20:00+00:00,2026-07-27T21:29:23.171522+00:00,2026-07-27T21:29:23.171522+00:00,2026-07-28 00:20 (Local Time),LEFKARA,,,,,1,6,21.9,,24.9,21.6,,2.1,,,,,,,48.0,0.0,,,,,
2026-07-27T21:20:00+00:00,2026-07-27T21:29:23.171522+00:00,2026-07-27T21:29:23.171522+00:00,2026-07-28 00:20 (Local Time),LEFKOSIA,,,,,1,7,23.8,,26.4,23.8,,1.5,,,,,,,70.0,0.0,,,,,"{""Accumulated Rainfall (24 hours)"": {""unit"": ""mm"", ""value"": 0.0}}"
2026-07-27T21:20:00+00:00,2026-07-27T21:29:23.171522+00:00,2026-07-27T21:29:23.171522+00:00,2026-07-28 00:20 (Local Time),LIMASSOL,,,,,1,10,23.4,,25.7,23.4,,0.0,,0.0,,,,,80.0,0.0,1008.1,,,,"{""Wind Direction (10m) at Port Gate"": {""unit"": ""Degrees"", ""value"": 173.0}, ""Wind Speed (10m) at Port Gate"": {""unit"": ""Knots"", ""value"": 0.7}}"
2026-07-27T21:20:00+00:00,2026-07-27T21:29:23.171522+00:00,2026-07-27T21:29:23.171522+00:00,2026-07-28 00:20 (Local Time),LINOU,,,,,1,9,23.7,,25.1,23.7,5.7,2.4,,,164.0,,,,40.0,0.0,964.8,,2.932331,,
2026-07-27T21:20:00+00:00,2026-07-27T21:29:23.171522+00:00,2026-07-27T21:29:23.171522+00:00,2026-07-28 00:20 (Local Time),LYSOS,,,,,1,7,20.1,,20.8,18.9,5.1,,,,17.0,,,,51.0,0.0,,,2.623664,,
2026-07-27T21:20:00+00:00,2026-07-27T21:29:23.171522+00:00,2026-07-27T21:29:23.171522+00:00,2026-07-28 00:20 (Local Time),MALLIA,,,,,1,10,20.5,17.1,22.3,20.3,2.4,0.1,,11.0,218.0,,,,39.0,0.0,,,1.234666,,
2026-07-27T21:20:00+00:00,2026-07-27T21:29:23.171522+00:00,2026-07-27T21:29:23.171522+00:00,2026-07-28 00:20 (Local Time),MAMMARI,,,,,1,10,25.6,,26.8,25.1,,4.5,,75.0,,,,,47.0,0.0,,,,,"{""Atmospheric Pressure (QNH)"": {""unit"": ""hPa"", ""value"": 1011.2}, ""Wind Direction (10m) at Runway 12"": {""unit"": ""Degrees"", ""value"": 261.0}, ""Wind Speed (10m) at Runway 12"": {""unit"": ""Knots"", ""value"": 11.4}}"
2026-07-27T21:20:00+00:00,2026-07-27T21:29:23.171522+00:00,2026-07-27T21:29:23.171522+00:00,2026-07-28 00:20 (Local Time),MATHIATIS,,,,,1,10,23.6,,23.9,22.9,5.9,1.1,4.0,0.0,280.0,,,,35.0,0.0,,,3.03522,,
2026-07-27T21:20:00+00:00,2026-07-27T21:29:23.171522+00:00,2026-07-27T21:29:23.171522+00:00,2026-07-28 00:20 (Local Time),PANAGIA_BRIDGE,,,,,1,6,19.0,19.8,23.7,18.9,,,,,,,,,64.0,0.0,,,,,
2026-07-27T21:20:00+00:00,2026-07-27T21:29:23.171522+00:00,2026-07-27T21:29:23.171522+00:00,2026-07-28 00:20 (Local Time),PAPHOS,,,,,1,8,25.3,,25.4,24.6,3.7,1.9,,,331.0,,,,42.0,0.0,,,1.903443,,
2026-07-27T21:20:00+00:00,2026-07-27T21:29:23.171522+00:00,2026-07-27T21:29:23.171522+00:00,2026-07-28 00:20 (Local Time),PAREKLISIA,,,,,1,7,24.6,,25.3,24.2,1.0,,,,188.0,,,,54.0,0.0,,,0.514444,,
2026-07-27T21:20:00+00:00,2026-07-27T21:29:23.171522+00:00,2026-07-27T21:29:23.171522+00:00,2026-07-28 00:20 (Local Time),PENTAKOMO,,,,,1,8,24.1,,25.9,23.8,0.0,0.5,,,117.0,,,,65.0,0.0,,,0.0,,
2026-07-27T21:20:00+00:00,2026-07-27T21:29:23.171522+00:00,2026-07-27T21:29:23.171522+00:00,2026-07-28 00:20 (Local Time),PLATANIA,,,,,1,6,18.0,,18.9,17.3,,0.3,,,,,,,46.0,0.0,,,,,
2026-07-27T21:20:00+00:00,2026-07-27T21:29:23.171522+00:00,2026-07-27T21:29:23.171522+00:00,2026-07-28 00:20 (Local Time),POLIS,,,,,1,11,23.8,,26.3,23.8,6.5,1.6,4.0,,143.0,,,,72.0,0.0,1007.0,,3.343886,,"{""Atmospheric Pressure (Mean Sea Level)"": {""unit"": ""hPa"", ""value"": 1009.7}}"
2026-07-27T21:20:00+00:00,2026-07-27T21:29:23.171522+00:00,2026-07-27T21:29:23.171522+00:00,2026-07-28 00:20 (Local Time),POLYSTYPOS,,,,,1,8,21.7,,22.2,20.6,3.1,1.2,,,348.0,,,,29.0,0.0,,,1.594776,,
2026-07-27T21:20:00+00:00,2026-07-27T21:29:23.171522+00:00,2026-07-27T21:29:23.171522+00:00,2026-07-28 00:20 (Local Time),PRODROMOS,,,,,1,9,18.7,,19.9,17.1,10.7,2.7,,0.0,66.0,,,,38.0,0.0,,,5.504551,,
2026-07-27T21:20:00+00:00,2026-07-27T21:29:23.171522+00:00,2026-07-27T21:29:23.171522+00:00,2026-07-28 00:20 (Local Time),PYRGOS,,,,,1,5,22.5,,,,10.8,,,,226.9,,,,50.0,0.0,,,5.555995,,
2026-07-27T21:20:00+00:00,2026-07-27T21:29:23.171522+00:00,2026-07-27T21:29:23.171522+00:00,2026-07-28 00:20 (Local Time),SAITTAS,,,,,1,5,21.9,,23.3,21.3,,,,,,,,,42.0,0.0,,,,,
2026-07-27T21:20:00+00:00,2026-07-27T21:29:23.171522+00:00,2026-07-27T21:29:23.171522+00:00,2026-07-28 00:20 (Local Time),TAMASOS,,,,,1,9,25.6,25.2,26.4,24.6,5.6,1.8,,,257.0,,,,32.0,0.0,,,2.880886,,
2026-07-27T21:20:00+00:00,2026-07-27T21:29:23.171522+00:00,2026-07-27T21:29:23.171522+00:00,2026-07-28 00:20 (Local Time),TEPAK,,,,,1,9,24.1,,26.0,24.0,1.3,0.1,,,177.0,,,,76.0,0.0,,,0.668777,,"{""Accumulated Rainfall (24 hours)"": {""unit"": ""mm"", ""value"": 0.0}}"
2026-07-27T21:20:00+00:00,2026-07-27T21:29:23.171522+00:00,2026-07-27T21:29:23.171522+00:00,2026-07-28 00:20 (Local Time),TRIPILOS,,,,,1,7,21.1,,21.1,20.1,1.4,,,,335.0,,,,31.0,0.0,,,0.720222,,
2026-07-27T21:20:00+00:00,2026-07-27T21:29:23.171522+00:00,2026-07-27T21:29:23.171522+00:00,2026-07-28 00:20 (Local Time),TROODOS,,,,,1,9,18.6,,19.5,18.3,9.7,2.5,,,3.0,,,,34.0,0.0,828.4,,4.990107,,
2026-07-27T21:20:00+00:00,2026-07-27T21:29:23.171522+00:00,2026-07-27T21:29:23.171522+00:00,2026-07-28 00:20 (Local Time),VISITOR,,,,,1,7,26.2,,28.4,26.1,4.0,,,,259.0,,,,60.0,0.0,,,2.057776,,
2026-07-27T21:20:00+00:00,2026-07-27T21:29:23.171522+00:00,2026-07-27T21:29:23.171522+00:00,2026-07-28 00:20 (Local Time),XYLIATOS,,,,,1,8,23.2,,23.8,21.4,1.3,,,5.0,222.0,,,,34.0,0.0,,,0.668777,,
2026-07-27T21:20:00+00:00,2026-07-27T21:29:23.171522+00:00,2026-07-27T21:29:23.171522+00:00,2026-07-28 00:20 (Local Time),XYLOPHAGOU,,,,,1,9,25.5,25.2,26.2,25.3,5.2,1.3,,,281.0,,,,64.0,0.0,,,2.675109,,
2026-07-27T21:20:00+00:00,2026-07-27T21:29:23.171522+00:00,2026-07-27T21:29:23.171522+00:00,2026-07-28 00:20 (Local Time),ZYGI,,,,,1,9,22.1,21.0,24.3,21.3,1.3,0.0,,,8.0,,,,58.0,0.0,,,0.668777,,
2026-07-27T22:30:00+00:00,2026-07-27T22:35:55.398417+00:00,2026-07-27T22:35:55.398417+00:00,2026-07-28 01:30 (Local Time),ACHNA,,,,,1,8,25.7,,26.3,24.7,4.7,1.6,,,288.0,,,,47.0,0.0,,,2.417887,,
2026-07-27T22:30:00+00:00,2026-07-27T22:35:55.398417+00:00,2026-07-27T22:35:55.398417+00:00,2026-07-28 01:30 (Local Time),AGROS,,,,,1,10,22.8,,23.4,20.7,1.5,0.5,4.0,0.0,120.0,,,,30.0,0.0,,,0.771666,,
2026-07-27T22:30:00+00:00,2026-07-27T22:35:55.398417+00:00,2026-07-27T22:35:55.398417+00:00,2026-07-28 01:30 (Local Time),AKAMAS,,,,,1,7,22.7,,23.8,21.6,1.7,,,,261.0,,,,81.0,0.0,,,0.874555,,
2026-07-27T22:30:00+00:00,2026-07-27T22:35:55.398417+00:00,2026-07-27T22:35:55.398417+00:00,2026-07-28 01:30 (Local Time),ALONOUDI,,,,,1,5,17.3,,24.4,17.3,,,,,,,,,50.0,0.0,,,,,
2026-07-27T22:30:00+00:00,2026-07-27T22:35:55.398417+00:00,2026-07-27T22:35:55.398417+00:00,2026-07-28 01:30 (Local Time),AMARGETI,,,,,1,9,22.5,,25.3,21.9,9.6,3.1,,,314.0,,,,41.0,0.0,959.5,,4.938662,,
2026-07-27T22:30:00+00:00,2026-07-27T22:35:55.398417+00:00,2026-07-27T22:35:55.398417+00:00,,ASTROMERITIS,,,,,0,0,,,,,,,,,,,,,,,,,,,
2026-07-27T22:30:00+00:00,2026-07-27T22:35:55.398417+00:00,2026-07-27T22:35:55.398417+00:00,2026-07-28 01:30 (Local Time),ATHALASSA,,,,,1,11,26.3,23.8,27.9,25.5,7.1,2.7,,,272.0,,,,43.0,0.0,990.7,,3.652552,,"{""Atmospheric Pressure (Mean Sea Level)"": {""unit"": ""hPa"", ""value"": 1009.2}}"
2026-07-27T22:30:00+00:00,2026-07-27T22:35:55.398417+00:00,2026-07-27T22:35:55.398417+00:00,2026-07-28 01:30 (Local Time),ATHIENOU,,,,,1,9,25.4,24.2,27.5,24.4,11.2,3.0,,,260.0,,,,37.0,0.0,,,5.761773,,
2026-07-27T22:30:00+00:00,2026-07-27T22:35:55.398417+00:00,2026-07-27T22:35:55.398417+00:00,2026-07-28 01:30 (Local Time),AVDIMOU,,,,,1,11,21.5,17.0,28.4,21.4,0.7,0.0,3.0,7.0,244.0,,,,63.0,0.0,,,0.360111,,
2026-07-27T22:30:00+00:00,2026-07-27T22:35:55.398417+00:00,2026-07-27T22:35:55.398417+00:00,2026-07-28 01:30 (Local Time),CAVO_GRECO,,,,,1,9,24.7,,26.3,24.6,8.1,2.4,,,269.0,,,,66.0,0.0,1001.6,,4.166996,,
2026-07-27T22:30:00+00:00,2026-07-27T22:35:55.398417+00:00,2026-07-27T22:35:55.398417+00:00,2026-07-28 01:30 (Local Time),CHROMIO,,,,,1,9,17.7,,18.7,17.5,7.5,2.5,,,28.0,,,,36.0,0.0,,,3.85833,,"{""Snow Depth"": {""unit"": ""cm"", ""value"": 0.0}}"
2026-07-27T22:30:00+00:00,2026-07-27T22:35:55.398417+00:00,2026-07-27T22:35:55.398417+00:00,2026-07-28 01:30 (Local Time),CYTASAT,,,,,1,10,22.5,,25.0,21.9,0.9,0.3,,,135.0,,,,39.0,0.0,983.8,,0.463,,"{""Atmospheric Pressure (Mean Sea Level)"": {""unit"": ""hPa"", ""value"": 1010.3}}"
2026-07-27T22:30:00+00:00,2026-07-27T22:35:55.398417+00:00,2026-07-27T22:35:55.398417+00:00,2026-07-28 01:30 (Local Time),EPTAGONEIA,,,,,1,8,19.2,,22.8,19.0,1.7,0.1,,,244.0,,,,47.0,0.0,,,0.874555,,
2026-07-27T22:30:00+00:00,2026-07-27T22:35:55.398417+00:00,2026-07-27T22:35:55.398417+00:00,2026-07-28 01:30 (Local Time),FANEROMENI,,,,,1,4,27.5,,,,,,,,,,,,34.0,0.0,,,,,"{""Rain Intensity (10 min.)"": {""unit"": ""mm/min"", ""value"": 0.0}}"
2026-07-27T22:30:00+00:00,2026-07-27T22:35:55.398417+00:00,2026-07-27T22:35:55.398417+00:00,2026-07-28 01:30 (Local Time),FARMAKAS,,,,,1,10,19.1,,21.3,18.3,2.0,1.4,2.0,0.0,190.0,,,,46.0,0.0,,,1.028888,,
2026-07-27T22:30:00+00:00,2026-07-27T22:35:55.398417+00:00,2026-07-27T22:35:55.398417+00:00,2026-07-28 01:30 (Local Time),FRENAROS,,,,,1,11,25.4,24.0,26.6,25.1,8.9,3.6,,0.0,279.0,,,,67.0,0.0,998.8,,4.578552,,
2026-07-27T22:30:00+00:00,2026-07-27T22:35:55.398417+00:00,2026-07-27T22:35:55.398417+00:00,2026-07-28 01:30 (Local Time),KALAVASOS,,,,,1,5,24.6,,26.0,24.0,,,,,,,,,44.0,0.0,,,,,
2026-07-27T22:30:00+00:00,2026-07-27T22:35:55.398417+00:00,2026-07-27T22:35:55.398417+00:00,2026-07-28 01:30 (Local Time),KALOPANAYIOTIS,,,,,1,9,18.7,,21.5,18.6,5.4,1.4,,0.0,165.0,,,,48.0,0.0,,,2.777998,,
2026-07-27T22:30:00+00:00,2026-07-27T22:35:55.398417+00:00,2026-07-27T22:35:55.398417+00:00,2026-07-28 01:30 (Local Time),KAMPOS,,,,,1,11,24.3,22.5,25.2,23.5,2.5,1.0,499.0,0.0,258.0,,,,32.0,0.0,,,1.28611,,
2026-07-27T22:30:00+00:00,2026-07-27T22:35:55.398417+00:00,2026-07-27T22:35:55.398417+00:00,,KANNAVIOU,,,,,0,0,,,,,,,,,,,,,,,,,,,
2026-07-27T22:30:00+00:00,2026-07-27T22:35:55.398417+00:00,2026-07-27T22:35:55.398417+00:00,2026-07-28 01:30 (Local Time),KATHIKAS,,,,,1,6,23.5,,23.8,21.1,,,,,,,,,39.0,0.0,,,,,"{""Accumulated Rainfall (24 hours)"": {""unit"": ""mm"", ""value"": 0.0}}"
2026-07-27T22:30:00+00:00,2026-07-27T22:35:55.398417+00:00,2026-07-27T22:35:55.398417+00:00,2026-07-28 01:30 (Local Time),KEPNIC,,,,,1,1,,,,,,,,,,,,,,0.0,,,,,
2026-07-27T22:30:00+00:00,2026-07-27T22:35:55.398417+00:00,2026-07-27T22:35:55.398417+00:00,2026-07-28 01:30 (Local Time),KILANI,,,,,1,7,22.1,,23.0,19.3,,1.0,,2.0,,,,,31.0,0.0,,,,,
2026-07-27T22:30:00+00:00,2026-07-27T22:35:55.398417+00:00,2026-07-27T22:35:55.398417+00:00,2026-07-28 01:30 (Local Time),KORNOS,,,,,1,3,24.4,,,,,,,,,,,,32.0,0.0,,,,,
2026-07-27T22:30:00+00:00,2026-07-27T22:35:55.398417+00:00,2026-07-27T22:35:55.398417+00:00,2026-07-28 01:30 (Local Time),KOURIS,,,,,1,8,26.6,,29.2,26.5,11.9,3.8,,,12.0,,,,31.0,0.0,,,6.121884,,
2026-07-27T22:30:00+00:00,2026-07-27T22:35:55.398417+00:00,2026-07-27T22:35:55.398417+00:00,2026-07-28 01:30 (Local Time),KPYRGOS,,,,,1,8,23.0,,26.4,22.7,5.1,1.5,,,140.0,,,,44.0,0.0,,,2.623664,,
2026-07-27T22:30:00+00:00,2026-07-27T22:35:55.398417+00:00,2026-07-27T22:35:55.398417+00:00,2026-07-28 01:30 (Local Time),KYPEROUNTA,,,,,1,6,22.1,,22.4,19.4,,5.3,,0.0,,,,,30.0,,,,,,
2026-07-27T22:30:00+00:00,2026-07-27T22:35:55.398417+00:00,2026-07-27T22:35:55.398417+00:00,2026-07-28 01:30 (Local Time),LCLK,,,,,1,9,27.3,,27.4,24.2,,3.3,,,,,,,34.0,0.0,,,,,"{""Atmospheric Pressure (QNH)"": {""unit"": ""hPa"", ""value"": 1008.7}, ""Wind Direction (10m) at Runway 22"": {""unit"": ""Degrees"", ""value"": 314.0}, ""Wind Speed (10m) at Runway 22"": {""unit"": ""Knots"", ""value"": 8.8}}"
2026-07-27T22:30:00+00:00,2026-07-27T22:35:55.398417+00:00,2026-07-27T22:35:55.398417+00:00,2026-07-28 01:30 (Local Time),LCPH,,,,,1,9,24.3,,27.3,24.0,,0.1,,,,,,,57.0,0.0,,,,,"{""Atmospheric Pressure (QNH)"": {""unit"": ""hPa"", ""value"": 1009.6}, ""Wind Direction (10m) at Runway 29"": {""unit"": ""Degrees"", ""value"": 29.0}, ""Wind Speed (10m) at Runway 29"": {""unit"": ""Knots"", ""value"": 1.3}}"
2026-07-27T22:30:00+00:00,2026-07-27T22:35:55.398417+00:00,2026-07-27T22:35:55.398417+00:00,2026-07-28 01:30 (Local Time),LEFKARA,,,,,1,6,21.3,,24.9,21.0,,2.1,,,,,,,45.0,0.0,,,,,
2026-07-27T22:30:00+00:00,2026-07-27T22:35:55.398417+00:00,2026-07-27T22:35:55.398417+00:00,2026-07-28 01:30 (Local Time),LEFKOSIA,,,,,1,7,24.0,,26.4,23.5,,1.2,,,,,,,51.0,0.0,,,,,"{""Accumulated Rainfall (24 hours)"": {""unit"": ""mm"", ""value"": 0.0}}"
2026-07-27T22:30:00+00:00,2026-07-27T22:35:55.398417+00:00,2026-07-27T22:35:55.398417+00:00,2026-07-28 01:30 (Local Time),LIMASSOL,,,,,1,10,22.1,,25.7,22.1,,0.0,,0.0,,,,,83.0,0.0,1008.0,,,,"{""Wind Direction (10m) at Port Gate"": {""unit"": ""Degrees"", ""value"": 277.0}, ""Wind Speed (10m) at Port Gate"": {""unit"": ""Knots"", ""value"": 0.6}}"
2026-07-27T22:30:00+00:00,2026-07-27T22:35:55.398417+00:00,2026-07-27T22:35:55.398417+00:00,2026-07-28 01:30 (Local Time),LINOU,,,,,1,9,23.7,,25.1,23.5,6.8,2.5,,,176.0,,,,37.0,0.0,964.2,,3.498219,,
2026-07-27T22:30:00+00:00,2026-07-27T22:35:55.398417+00:00,2026-07-27T22:35:55.398417+00:00,2026-07-28 01:30 (Local Time),LYSOS,,,,,1,7,20.6,,20.8,18.9,4.4,,,,33.0,,,,50.0,0.0,,,2.263554,,
2026-07-27T22:30:00+00:00,2026-07-27T22:35:55.398417+00:00,2026-07-27T22:35:55.398417+00:00,2026-07-28 01:30 (Local Time),MALLIA,,,,,1,10,19.9,16.1,22.3,19.8,0.7,0.2,,10.0,71.0,,,,39.0,0.0,,,0.360111,,
2026-07-27T22:30:00+00:00,2026-07-27T22:35:55.398417+00:00,2026-07-27T22:35:55.398417+00:00,2026-07-28 01:30 (Local Time),MAMMARI,,,,,1,10,25.6,,26.8,25.1,,4.7,,72.0,,,,,44.0,0.0,,,,,"{""Atmospheric Pressure (QNH)"": {""unit"": ""hPa"", ""value"": 1010.6}, ""Wind Direction (10m) at Runway 12"": {""unit"": ""Degrees"", ""value"": 258.0}, ""Wind Speed (10m) at Runway 12"": {""unit"": ""Knots"", ""value"": 12.0}}"
2026-07-27T22:30:00+00:00,2026-07-27T22:35:55.398417+00:00,2026-07-27T22:35:55.398417+00:00,2026-07-28 01:30 (Local Time),MATHIATIS,,,,,1,10,23.4,,24.1,22.9,2.1,0.8,4.0,0.0,284.0,,,,34.0,0.0,,,1.080332,,
2026-07-27T22:30:00+00:00,2026-07-27T22:35:55.398417+00:00,2026-07-27T22:35:55.398417+00:00,2026-07-28 01:30 (Local Time),PANAGIA_BRIDGE,,,,,1,6,17.9,18.7,23.7,17.9,,,,,,,,,59.0,0.0,,,,,
2026-07-27T22:30:00+00:00,2026-07-27T22:35:55.398417+00:00,2026-07-27T22:35:55.398417+00:00,2026-07-28 01:30 (Local Time),PAPHOS,,,,,1,8,25.0,,25.5,24.6,2.7,1.4,,,323.0,,,,47.0,0.0,,,1.388999,,
2026-07-27T22:30:00+00:00,2026-07-27T22:35:55.398417+00:00,2026-07-27T22:35:55.398417+00:00,2026-07-28 01:30 (Local Time),PAREKLISIA,,,,,1,7,23.4,,25.3,23.4,1.2,,,,28.0,,,,51.0,0.0,,,0.617333,,
2026-07-27T22:30:00+00:00,2026-07-27T22:35:55.398417+00:00,2026-07-27T22:35:55.398417+00:00,2026-07-28 01:30 (Local Time),PENTAKOMO,,,,,1,8,24.0,,25.9,23.5,1.4,1.1,,,100.0,,,,58.0,0.0,,,0.720222,,
2026-07-27T22:30:00+00:00,2026-07-27T22:35:55.398417+00:00,2026-07-27T22:35:55.398417+00:00,2026-07-28 01:30 (Local Time),PLATANIA,,,,,1,6,18.9,,19.0,17.3,,0.2,,,,,,,39.0,0.0,,,,,
2026-07-27T22:30:00+00:00,2026-07-27T22:35:55.398417+00:00,2026-07-27T22:35:55.398417+00:00,2026-07-28 01:30 (Local Time),POLIS,,,,,1,11,23.5,,26.3,23.3,5.8,1.4,4.0,,144.0,,,,62.0,0.0,1006.5,,2.983775,,"{""Atmospheric Pressure (Mean Sea Level)"": {""unit"": ""hPa"", ""value"": 1009.2}}"
2026-07-27T22:30:00+00:00,2026-07-27T22:35:55.398417+00:00,2026-07-27T22:35:55.398417+00:00,2026-07-28 01:30 (Local Time),POLYSTYPOS,,,,,1,8,23.3,,23.8,20.6,2.5,1.2,,,54.0,,,,26.0,0.0,,,1.28611,,
2026-07-27T22:30:00+00:00,2026-07-27T22:35:55.398417+00:00,2026-07-27T22:35:55.398417+00:00,2026-07-28 01:30 (Local Time),PRODROMOS,,,,,1,9,20.4,,20.5,17.1,12.7,3.1,,0.0,66.0,,,,33.0,0.0,,,6.533439,,
2026-07-27T22:30:00+00:00,2026-07-27T22:35:55.398417+00:00,2026-07-27T22:35:55.398417+00:00,2026-07-28 01:30 (Local Time),PYRGOS,,,,,1,5,22.6,,,,8.2,,,,233.9,,,,49.0,0.0,,,4.218441,,
2026-07-27T22:30:00+00:00,2026-07-27T22:35:55.398417+00:00,2026-07-27T22:35:55.398417+00:00,2026-07-28 01:30 (Local Time),SAITTAS,,,,,1,5,20.5,,23.3,20.4,,,,,,,,,42.0,0.0,,,,,
2026-07-27T22:30:00+00:00,2026-07-27T22:35:55.398417+00:00,2026-07-27T22:35:55.398417+00:00,2026-07-28 01:30 (Local Time),TAMASOS,,,,,1,9,25.4,24.7,26.4,24.6,3.2,1.1,,,286.0,,,,30.0,0.0,,,1.646221,,
2026-07-27T22:30:00+00:00,2026-07-27T22:35:55.398417+00:00,2026-07-27T22:35:55.398417+00:00,2026-07-28 01:30 (Local Time),TEPAK,,,,,1,9,23.3,,26.0,23.2,0.0,0.0,,,231.0,,,,79.0,0.0,,,0.0,,"{""Accumulated Rainfall (24 hours)"": {""unit"": ""mm"", ""value"": 0.0}}"
2026-07-27T22:30:00+00:00,2026-07-27T22:35:55.398417+00:00,2026-07-27T22:35:55.398417+00:00,2026-07-28 01:30 (Local Time),TRIPILOS,,,,,1,7,21.5,,21.6,20.1,2.6,,,,353.0,,,,35.0,0.0,,,1.337554,,
2026-07-27T22:30:00+00:00,2026-07-27T22:35:55.398417+00:00,2026-07-27T22:35:55.398417+00:00,2026-07-28 01:30 (Local Time),TROODOS,,,,,1,9,18.9,,19.5,18.3,12.0,3.5,,,345.0,,,,33.0,0.0,828.1,,6.173328,,
2026-07-27T22:30:00+00:00,2026-07-27T22:35:55.398417+00:00,2026-07-27T22:35:55.398417+00:00,2026-07-28 01:30 (Local Time),VISITOR,,,,,1,7,26.7,,28.4,25.9,5.3,,,,258.0,,,,45.0,0.0,,,2.726553,,
2026-07-27T22:30:00+00:00,2026-07-27T22:35:55.398417+00:00,2026-07-27T22:35:55.398417+00:00,2026-07-28 01:30 (Local Time),XYLIATOS,,,,,1,8,22.9,,23.8,21.4,0.0,,,4.0,336.0,,,,32.0,0.0,,,0.0,,
2026-07-27T22:30:00+00:00,2026-07-27T22:35:55.398417+00:00,2026-07-27T22:35:55.398417+00:00,2026-07-28 01:30 (Local Time),XYLOPHAGOU,,,,,1,9,25.6,25.5,26.2,25.3,7.7,2.1,,,285.0,,,,53.0,0.0,,,3.961219,,
2026-07-27T22:30:00+00:00,2026-07-27T22:35:55.398417+00:00,2026-07-27T22:35:55.398417+00:00,2026-07-28 01:30 (Local Time),ZYGI,,,,,1,9,20.5,19.6,24.3,20.4,1.3,0.3,,,338.0,,,,60.0,0.0,,,0.668777,,
2026-07-27T23:40:00+00:00,2026-07-27T23:40:27.310979+00:00,2026-07-27T23:40:27.310979+00:00,2026-07-28 02:30 (Local Time),ACHNA,,,,,1,8,25.9,,26.3,24.7,4.8,1.5,,,282.0,,,,40.0,0.0,,,2.469331,,
2026-07-27T23:40:00+00:00,2026-07-27T23:40:27.310979+00:00,2026-07-27T23:40:27.310979+00:00,2026-07-28 02:30 (Local Time),AGROS,,,,,1,10,24.6,,24.7,20.7,4.6,1.9,4.0,0.0,328.0,,,,27.0,0.0,,,2.366442,,
2026-07-27T23:40:00+00:00,2026-07-27T23:40:27.310979+00:00,2026-07-27T23:40:27.310979+00:00,2026-07-28 02:30 (Local Time),AKAMAS,,,,,1,7,22.9,,23.8,21.6,2.7,,,,292.0,,,,75.0,0.0,,,1.388999,,
2026-07-27T23:40:00+00:00,2026-07-27T23:40:27.310979+00:00,2026-07-27T23:40:27.310979+00:00,2026-07-28 02:30 (Local Time),ALONOUDI,,,,,1,5,17.4,,24.4,17.1,,,,,,,,,51.0,0.0,,,,,
2026-07-27T23:40:00+00:00,2026-07-27T23:40:27.310979+00:00,2026-07-27T23:40:27.310979+00:00,2026-07-28 02:30 (Local Time),AMARGETI,,,,,1,9,21.5,,25.3,21.1,9.3,2.5,,,326.0,,,,43.0,0.0,959.0,,4.784329,,
2026-07-27T23:40:00+00:00,2026-07-27T23:40:27.310979+00:00,2026-07-27T23:40:27.310979+00:00,,ASTROMERITIS,,,,,0,0,,,,,,,,,,,,,,,,,,,
2026-07-27T23:40:00+00:00,2026-07-27T23:40:27.310979+00:00,2026-07-27T23:40:27.310979+00:00,2026-07-28 02:30 (Local Time),ATHALASSA,,,,,1,11,26.1,23.5,27.9,25.5,6.7,2.6,,,274.0,,,,42.0,0.0,990.4,,3.446775,,"{""Atmospheric Pressure (Mean Sea Level)"": {""unit"": ""hPa"", ""value"": 1008.8}}"
2026-07-27T23:40:00+00:00,2026-07-27T23:40:27.310979+00:00,2026-07-27T23:40:27.310979+00:00,2026-07-28 02:30 (Local Time),ATHIENOU,,,,,1,9,25.1,23.8,27.5,24.4,10.4,2.9,,,266.0,,,,37.0,0.0,,,5.350218,,
2026-07-27T23:40:00+00:00,2026-07-27T23:40:27.310979+00:00,2026-07-27T23:40:27.310979+00:00,2026-07-28 02:30 (Local Time),AVDIMOU,,,,,1,11,18.3,15.1,28.4,18.3,1.5,0.0,3.0,6.0,337.0,,,,66.0,0.0,,,0.771666,,
2026-07-27T23:40:00+00:00,2026-07-27T23:40:27.310979+00:00,2026-07-27T23:40:27.310979+00:00,2026-07-28 02:30 (Local Time),CAVO_GRECO,,,,,1,9,25.1,,26.3,24.6,8.9,3.1,,,268.0,,,,53.0,0.0,1001.1,,4.578552,,
2026-07-27T23:40:00+00:00,2026-07-27T23:40:27.310979+00:00,2026-07-27T23:40:27.310979+00:00,2026-07-28 02:30 (Local Time),CHROMIO,,,,,1,9,17.6,,18.7,17.4,6.3,2.0,,,35.0,,,,34.0,0.0,,,3.240997,,"{""Snow Depth"": {""unit"": ""cm"", ""value"": 0.0}}"
2026-07-27T23:40:00+00:00,2026-07-27T23:40:27.310979+00:00,2026-07-27T23:40:27.310979+00:00,2026-07-28 02:30 (Local Time),CYTASAT,,,,,1,10,21.4,,25.0,21.3,0.5,0.3,,,100.0,,,,39.0,0.0,983.5,,0.257222,,"{""Atmospheric Pressure (Mean Sea Level)"": {""unit"": ""hPa"", ""value"": 1010.1}}"
2026-07-27T23:40:00+00:00,2026-07-27T23:40:27.310979+00:00,2026-07-27T23:40:27.310979+00:00,2026-07-28 02:30 (Local Time),EPTAGONEIA,,,,,1,8,18.4,,22.8,18.3,1.8,0.4,,,272.0,,,,47.0,0.0,,,0.925999,,
2026-07-27T23:40:00+00:00,2026-07-27T23:40:27.310979+00:00,2026-07-27T23:40:27.310979+00:00,2026-07-28 02:30 (Local Time),FANEROMENI,,,,,1,4,27.5,,,,,,,,,,,,32.0,0.0,,,,,"{""Rain Intensity (10 min.)"": {""unit"": ""mm/min"", ""value"": 0.0}}"
2026-07-27T23:40:00+00:00,2026-07-27T23:40:27.310979+00:00,2026-07-27T23:40:27.310979+00:00,2026-07-28 02:30 (Local Time),FARMAKAS,,,,,1,10,20.0,,21.3,18.3,2.9,1.7,2.0,0.0,160.0,,,,40.0,0.0,,,1.491888,,
2026-07-27T23:40:00+00:00,2026-07-27T23:40:27.310979+00:00,2026-07-27T23:40:27.310979+00:00,2026-07-28 02:30 (Local Time),FRENAROS,,,,,1,11,24.6,23.0,26.6,24.6,6.2,2.3,,0.0,271.0,,,,57.0,0.0,998.4,,3.189553,,
2026-07-27T23:40:00+00:00,2026-07-27T23:40:27.310979+00:00,2026-07-27T23:40:27.310979+00:00,2026-07-28 02:30 (Local Time),KALAVASOS,,,,,1,5,23.1,,26.0,23.1,,,,,,,,,49.0,0.0,,,,,
2026-07-27T23:40:00+00:00,2026-07-27T23:40:27.310979+00:00,2026-07-27T23:40:27.310979+00:00,2026-07-28 02:30 (Local Time),KALOPANAYIOTIS,,,,,1,9,19.2,,21.5,18.5,6.3,0.8,,0.0,171.0,,,,49.0,0.0,,,3.240997,,
2026-07-27T23:40:00+00:00,2026-07-27T23:40:27.310979+00:00,2026-07-27T23:40:27.310979+00:00,2026-07-28 02:30 (Local Time),KAMPOS,,,,,1,11,24.2,21.8,25.2,23.5,2.0,0.6,590.0,0.0,126.0,,,,32.0,0.0,,,1.028888,,
2026-07-27T23:40:00+00:00,2026-07-27T23:40:27.310979+00:00,2026-07-27T23:40:27.310979+00:00,2026-07-28 02:30 (Local Time),KANNAVIOU,,,,,1,6,20.9,,24.3,20.9,,5.6,,,,,,,40.0,0.0,,,,,
2026-07-27T23:40:00+00:00,2026-07-27T23:40:27.310979+00:00,2026-07-27T23:40:27.310979+00:00,2026-07-28 02:30 (Local Time),KATHIKAS,,,,,1,6,24.4,,24.6,21.1,,,,,,,,,33.0,0.0,,,,,"{""Accumulated Rainfall (24 hours)"": {""unit"": ""mm"", ""value"": 0.0}}"
2026-07-27T23:40:00+00:00,2026-07-27T23:40:27.310979+00:00,2026-07-27T23:40:27.310979+00:00,2026-07-28 02:30 (Local Time),KEPNIC,,,,,1,1,,,,,,,,,,,,,,0.0,,,,,
2026-07-27T23:40:00+00:00,2026-07-27T23:40:27.310979+00:00,2026-07-27T23:40:27.310979+00:00,2026-07-28 02:30 (Local Time),KILANI,,,,,1,7,20.1,,23.0,19.3,,1.2,,2.0,,,,,34.0,0.0,,,,,
2026-07-27T23:40:00+00:00,2026-07-27T23:40:27.310979+00:00,2026-07-27T23:40:27.310979+00:00,2026-07-28 02:30 (Local Time),KORNOS,,,,,1,3,21.6,,,,,,,,,,,,37.0,0.0,,,,,
2026-07-27T23:40:00+00:00,2026-07-27T23:40:27.310979+00:00,2026-07-27T23:40:27.310979+00:00,2026-07-28 02:30 (Local Time),KOURIS,,,,,1,8,26.1,,29.2,26.0,13.2,5.1,,,19.0,,,,30.0,0.0,,,6.790661,,
2026-07-27T23:40:00+00:00,2026-07-27T23:40:27.310979+00:00,2026-07-27T23:40:27.310979+00:00,2026-07-28 02:30 (Local Time),KPYRGOS,,,,,1,8,23.5,,26.4,22.7,4.8,1.4,,,144.0,,,,42.0,0.0,,,2.469331,,
2026-07-27T23:40:00+00:00,2026-07-27T23:40:27.310979+00:00,2026-07-27T23:40:27.310979+00:00,2026-07-28 02:30 (Local Time),KYPEROUNTA,,,,,1,6,22.0,,22.4,19.4,,6.1,,0.0,,,,,31.0,,,,,,
2026-07-27T23:40:00+00:00,2026-07-27T23:40:27.310979+00:00,2026-07-27T23:40:27.310979+00:00,2026-07-28 02:30 (Local Time),LCLK,,,,,1,9,24.2,,27.4,24.1,,0.9,,,,,,,77.0,0.0,,,,,"{""Atmospheric Pressure (QNH)"": {""unit"": ""hPa"", ""value"": 1008.4}, ""Wind Direction (10m) at Runway 22"": {""unit"": ""Degrees"", ""value"": 261.0}, ""Wind Speed (10m) at Runway 22"": {""unit"": ""Knots"", ""value"": 3.3}}"
2026-07-27T23:40:00+00:00,2026-07-27T23:40:27.310979+00:00,2026-07-27T23:40:27.310979+00:00,2026-07-28 02:30 (Local Time),LCPH,,,,,1,9,24.4,,27.3,24.0,,0.8,,,,,,,49.0,0.0,,,,,"{""Atmospheric Pressure (QNH)"": {""unit"": ""hPa"", ""value"": 1009.1}, ""Wind Direction (10m) at Runway 29"": {""unit"": ""Degrees"", ""value"": 359.0}, ""Wind Speed (10m) at Runway 29"": {""unit"": ""Knots"", ""value"": 3.7}}"
2026-07-27T23:40:00+00:00,2026-07-27T23:40:27.310979+00:00,2026-07-27T23:40:27.310979+00:00,2026-07-28 02:30 (Local Time),LEFKARA,,,,,1,6,21.2,,24.9,20.6,,1.5,,,,,,,41.0,0.0,,,,,
2026-07-27T23:40:00+00:00,2026-07-27T23:40:27.310979+00:00,2026-07-27T23:40:27.310979+00:00,2026-07-28 02:30 (Local Time),LEFKOSIA,,,,,1,7,23.6,,26.4,23.5,,0.9,,,,,,,48.0,0.0,,,,,"{""Accumulated Rainfall (24 hours)"": {""unit"": ""mm"", ""value"": 0.0}}"
2026-07-27T23:40:00+00:00,2026-07-27T23:40:27.310979+00:00,2026-07-27T23:40:27.310979+00:00,2026-07-28 02:30 (Local Time),LIMASSOL,,,,,1,10,21.7,,25.7,21.7,,0.0,,0.0,,,,,85.0,0.0,1007.7,,,,"{""Wind Direction (10m) at Port Gate"": {""unit"": ""Degrees"", ""value"": 348.0}, ""Wind Speed (10m) at Port Gate"": {""unit"": ""Knots"", ""value"": 2.7}}"
2026-07-27T23:40:00+00:00,2026-07-27T23:40:27.310979+00:00,2026-07-27T23:40:27.310979+00:00,2026-07-28 02:30 (Local Time),LINOU,,,,,1,9,24.3,,25.1,23.5,4.7,1.9,,,169.0,,,,33.0,0.0,963.7,,2.417887,,
2026-07-27T23:40:00+00:00,2026-07-27T23:40:27.310979+00:00,2026-07-27T23:40:27.310979+00:00,2026-07-28 02:30 (Local Time),LYSOS,,,,,1,7,21.6,,21.7,18.9,5.9,,,,27.0,,,,38.0,0.0,,,3.03522,,
2026-07-27T23:40:00+00:00,2026-07-27T23:40:27.310979+00:00,2026-07-27T23:40:27.310979+00:00,2026-07-28 02:30 (Local Time),MALLIA,,,,,1,10,22.5,18.1,22.7,19.8,3.4,1.1,,10.0,10.0,,,,37.0,0.0,,,1.74911,,
2026-07-27T23:40:00+00:00,2026-07-27T23:40:27.310979+00:00,2026-07-27T23:40:27.310979+00:00,2026-07-28 02:30 (Local Time),MAMMARI,,,,,1,10,24.4,,26.8,24.2,,3.8,,71.0,,,,,40.0,0.0,,,,,"{""Atmospheric Pressure (QNH)"": {""unit"": ""hPa"", ""value"": 1010.3}, ""Wind Direction (10m) at Runway 12"": {""unit"": ""Degrees"", ""value"": 253.0}, ""Wind Speed (10m) at Runway 12"": {""unit"": ""Knots"", ""value"": 9.4}}"
2026-07-27T23:40:00+00:00,2026-07-27T23:40:27.310979+00:00,2026-07-27T23:40:27.310979+00:00,2026-07-28 02:30 (Local Time),MATHIATIS,,,,,1,10,21.2,,24.1,21.0,2.3,0.5,4.0,0.0,278.0,,,,37.0,0.0,,,1.183221,,
2026-07-27T23:40:00+00:00,2026-07-27T23:40:27.310979+00:00,2026-07-27T23:40:27.310979+00:00,2026-07-28 02:30 (Local Time),PANAGIA_BRIDGE,,,,,1,6,17.3,17.9,23.7,17.2,,,,,,,,,58.0,0.0,,,,,
2026-07-27T23:40:00+00:00,2026-07-27T23:40:27.310979+00:00,2026-07-27T23:40:27.310979+00:00,2026-07-28 02:30 (Local Time),PAPHOS,,,,,1,8,24.1,,25.5,24.0,2.1,1.2,,,340.0,,,,55.0,0.0,,,1.080332,,
2026-07-27T23:40:00+00:00,2026-07-27T23:40:27.310979+00:00,2026-07-27T23:40:27.310979+00:00,2026-07-28 02:30 (Local Time),PAREKLISIA,,,,,1,7,22.7,,25.3,22.6,0.0,,,,36.0,,,,53.0,0.0,,,0.0,,
2026-07-27T23:40:00+00:00,2026-07-27T23:40:27.310979+00:00,2026-07-27T23:40:27.310979+00:00,2026-07-28 02:30 (Local Time),PENTAKOMO,,,,,1,8,23.8,,25.9,23.5,5.7,1.9,,,286.0,,,,63.0,0.0,,,2.932331,,
2026-07-27T23:40:00+00:00,2026-07-27T23:40:27.310979+00:00,2026-07-27T23:40:27.310979+00:00,2026-07-28 02:30 (Local Time),PLATANIA,,,,,1,6,22.4,,22.5,17.3,,0.3,,,,,,,30.0,0.0,,,,,
2026-07-27T23:40:00+00:00,2026-07-27T23:40:27.310979+00:00,2026-07-27T23:40:27.310979+00:00,2026-07-28 02:30 (Local Time),POLIS,,,,,1,11,23.2,,26.3,23.1,6.0,1.6,4.0,,157.0,,,,51.0,0.0,1006.0,,3.086664,,"{""Atmospheric Pressure (Mean Sea Level)"": {""unit"": ""hPa"", ""value"": 1008.6}}"
2026-07-27T23:40:00+00:00,2026-07-27T23:40:27.310979+00:00,2026-07-27T23:40:27.310979+00:00,2026-07-28 02:30 (Local Time),POLYSTYPOS,,,,,1,8,22.9,,23.8,20.6,3.2,1.2,,,46.0,,,,28.0,0.0,,,1.646221,,
2026-07-27T23:40:00+00:00,2026-07-27T23:40:27.310979+00:00,2026-07-27T23:40:27.310979+00:00,2026-07-28 02:30 (Local Time),PRODROMOS,,,,,1,9,20.6,,20.8,17.1,13.5,3.4,,0.0,64.0,,,,32.0,0.0,,,6.944994,,
2026-07-27T23:40:00+00:00,2026-07-27T23:40:27.310979+00:00,2026-07-27T23:40:27.310979+00:00,2026-07-28 02:30 (Local Time),PYRGOS,,,,,1,5,22.8,,,,7.9,,,,238.9,,,,42.0,0.0,,,4.064108,,
2026-07-27T23:40:00+00:00,2026-07-27T23:40:27.310979+00:00,2026-07-27T23:40:27.310979+00:00,2026-07-28 02:30 (Local Time),SAITTAS,,,,,1,5,20.1,,23.3,19.7,,,,,,,,,42.0,0.0,,,,,
2026-07-27T23:40:00+00:00,2026-07-27T23:40:27.310979+00:00,2026-07-27T23:40:27.310979+00:00,2026-07-28 02:30 (Local Time),TAMASOS,,,,,1,9,25.9,25.1,26.4,24.6,4.3,1.4,,,248.0,,,,28.0,0.0,,,2.212109,,
2026-07-27T23:40:00+00:00,2026-07-27T23:40:27.310979+00:00,2026-07-27T23:40:27.310979+00:00,2026-07-28 02:30 (Local Time),TEPAK,,,,,1,9,22.6,,26.0,22.6,0.0,0.0,,,300.0,,,,80.0,0.0,,,0.0,,"{""Accumulated Rainfall (24 hours)"": {""unit"": ""mm"", ""value"": 0.0}}"
2026-07-27T23:40:00+00:00,2026-07-27T23:40:27.310979+00:00,2026-07-27T23:40:27.310979+00:00,2026-07-28 02:30 (Local Time),TRIPILOS,,,,,1,7,21.3,,21.8,20.1,3.8,,,,11.0,,,,36.0,0.0,,,1.954887,,
2026-07-27T23:40:00+00:00,2026-07-27T23:40:27.310979+00:00,2026-07-27T23:40:27.310979+00:00,2026-07-28 02:30 (Local Time),TROODOS,,,,,1,9,18.8,,19.5,18.3,14.1,4.3,,,347.0,,,,31.0,0.0,828.0,,7.25366,,
2026-07-27T23:40:00+00:00,2026-07-27T23:40:27.310979+00:00,2026-07-27T23:40:27.310979+00:00,2026-07-28 02:30 (Local Time),VISITOR,,,,,1,7,26.6,,28.4,25.9,4.4,,,,258.0,,,,44.0,0.0,,,2.263554,,
2026-07-27T23:40:00+00:00,2026-07-27T23:40:27.310979+00:00,2026-07-27T23:40:27.310979+00:00,2026-07-28 02:30 (Local Time),XYLIATOS,,,,,1,8,23.4,,23.8,21.4,0.0,,,3.0,187.0,,,,31.0,0.0,,,0.0,,
2026-07-27T23:40:00+00:00,2026-07-27T23:40:27.310979+00:00,2026-07-27T23:40:27.310979+00:00,2026-07-28 02:30 (Local Time),XYLOPHAGOU,,,,,1,9,26.0,25.7,26.3,25.3,8.3,2.2,,,276.0,,,,42.0,0.0,,,4.269885,,
2026-07-27T23:40:00+00:00,2026-07-27T23:40:27.310979+00:00,2026-07-27T23:40:27.310979+00:00,2026-07-28 02:30 (Local Time),ZYGI,,,,,1,9,19.5,19.1,24.3,19.5,1.4,0.2,,,336.0,,,,63.0,0.0,,,0.720222,,
2026-07-28T01:00:00+00:00,2026-07-28T01:02:59.564867+00:00,2026-07-28T01:02:59.564867+00:00,2026-07-28 03:50 (Local Time),ACHNA,,,,,1,8,23.9,,26.3,23.8,1.3,0.1,,,222.0,,,,43.0,0.0,,,0.668777,,
2026-07-28T01:00:00+00:00,2026-07-28T01:02:59.564867+00:00,2026-07-28T01:02:59.564867+00:00,2026-07-28 03:50 (Local Time),AGROS,,,,,1,10,22.9,,25.0,20.7,2.6,1.1,4.0,0.0,12.0,,,,30.0,0.0,,,1.337554,,
2026-07-28T01:00:00+00:00,2026-07-28T01:02:59.564867+00:00,2026-07-28T01:02:59.564867+00:00,2026-07-28 03:50 (Local Time),AKAMAS,,,,,1,7,25.6,,25.9,21.6,2.1,,,,34.0,,,,40.0,0.0,,,1.080332,,
2026-07-28T01:00:00+00:00,2026-07-28T01:02:59.564867+00:00,2026-07-28T01:02:59.564867+00:00,2026-07-28 03:50 (Local Time),ALONOUDI,,,,,1,5,17.1,,24.4,16.7,,,,,,,,,57.0,0.0,,,,,
2026-07-28T01:00:00+00:00,2026-07-28T01:02:59.564867+00:00,2026-07-28T01:02:59.564867+00:00,2026-07-28 03:50 (Local Time),AMARGETI,,,,,1,9,23.6,,25.3,21.1,11.2,2.8,,,337.0,,,,32.0,0.0,958.4,,5.761773,,
2026-07-28T01:00:00+00:00,2026-07-28T01:02:59.564867+00:00,2026-07-28T01:02:59.564867+00:00,,ASTROMERITIS,,,,,0,0,,,,,,,,,,,,,,,,,,,
2026-07-28T01:00:00+00:00,2026-07-28T01:02:59.564867+00:00,2026-07-28T01:02:59.564867+00:00,2026-07-28 03:50 (Local Time),ATHALASSA,,,,,1,11,25.3,22.4,27.9,25.0,6.1,2.1,,,275.0,,,,36.0,0.0,989.8,,3.138108,,"{""Atmospheric Pressure (Mean Sea Level)"": {""unit"": ""hPa"", ""value"": 1008.3}}"
2026-07-28T01:00:00+00:00,2026-07-28T01:02:59.564867+00:00,2026-07-28T01:02:59.564867+00:00,2026-07-28 03:50 (Local Time),ATHIENOU,,,,,1,9,24.6,23.0,27.5,24.0,10.3,2.5,,,252.0,,,,36.0,0.0,,,5.298773,,
2026-07-28T01:00:00+00:00,2026-07-28T01:02:59.564867+00:00,2026-07-28T01:02:59.564867+00:00,2026-07-28 03:50 (Local Time),AVDIMOU,,,,,1,11,17.2,14.4,28.4,17.1,1.5,0.2,3.0,6.0,356.0,,,,66.0,0.0,,,0.771666,,
2026-07-28T01:00:00+00:00,2026-07-28T01:02:59.564867+00:00,2026-07-28T01:02:59.564867+00:00,2026-07-28 03:50 (Local Time),CAVO_GRECO,,,,,1,9,24.5,,26.3,24.5,8.9,2.7,,,270.0,,,,49.0,0.0,1000.7,,4.578552,,
2026-07-28T01:00:00+00:00,2026-07-28T01:02:59.564867+00:00,2026-07-28T01:02:59.564867+00:00,2026-07-28 03:50 (Local Time),CHROMIO,,,,,1,9,18.0,,18.7,17.3,8.3,2.8,,,25.0,,,,26.0,0.0,,,4.269885,,"{""Snow Depth"": {""unit"": ""cm"", ""value"": 0.0}}"
2026-07-28T01:00:00+00:00,2026-07-28T01:02:59.564867+00:00,2026-07-28T01:02:59.564867+00:00,2026-07-28 03:50 (Local Time),CYTASAT,,,,,1,10,20.2,,25.0,20.2,0.7,0.5,,,317.0,,,,41.0,0.0,982.9,,0.360111,,"{""Atmospheric Pressure (Mean Sea Level)"": {""unit"": ""hPa"", ""value"": 1009.6}}"
2026-07-28T01:00:00+00:00,2026-07-28T01:02:59.564867+00:00,2026-07-28T01:02:59.564867+00:00,2026-07-28 03:50 (Local Time),EPTAGONEIA,,,,,1,8,20.2,,22.8,18.3,1.6,0.6,,,291.0,,,,39.0,0.0,,,0.82311,,
2026-07-28T01:00:00+00:00,2026-07-28T01:02:59.564867+00:00,2026-07-28T01:02:59.564867+00:00,2026-07-28 03:50 (Local Time),FANEROMENI,,,,,1,4,26.0,,,,,,,,,,,,44.0,0.0,,,,,"{""Rain Intensity (10 min.)"": {""unit"": ""mm/min"", ""value"": 0.0}}"
2026-07-28T01:00:00+00:00,2026-07-28T01:02:59.564867+00:00,2026-07-28T01:02:59.564867+00:00,2026-07-28 03:50 (Local Time),FARMAKAS,,,,,1,10,20.1,,21.3,18.3,1.8,1.6,2.0,0.0,157.0,,,,41.0,0.0,,,0.925999,,
2026-07-28T01:00:00+00:00,2026-07-28T01:02:59.564867+00:00,2026-07-28T01:02:59.564867+00:00,2026-07-28 03:50 (Local Time),FRENAROS,,,,,1,11,24.5,22.5,26.6,24.5,5.4,1.8,,0.0,263.0,,,,54.0,0.0,997.8,,2.777998,,
2026-07-28T01:00:00+00:00,2026-07-28T01:02:59.564867+00:00,2026-07-28T01:02:59.564867+00:00,2026-07-28 03:50 (Local Time),KALAVASOS,,,,,1,5,22.3,,26.0,22.2,,,,,,,,,47.0,0.0,,,,,
2026-07-28T01:00:00+00:00,2026-07-28T01:02:59.564867+00:00,2026-07-28T01:02:59.564867+00:00,2026-07-28 03:50 (Local Time),KALOPANAYIOTIS,,,,,1,9,20.0,,21.5,18.5,6.2,1.2,,0.0,169.0,,,,46.0,0.0,,,3.189553,,
2026-07-28T01:00:00+00:00,2026-07-28T01:02:59.564867+00:00,2026-07-28T01:02:59.564867+00:00,2026-07-28 03:50 (Local Time),KAMPOS,,,,,1,11,25.7,21.8,26.0,23.5,2.0,0.4,681.0,0.0,295.0,,,,31.0,0.0,,,1.028888,,
2026-07-28T01:00:00+00:00,2026-07-28T01:02:59.564867+00:00,2026-07-28T01:02:59.564867+00:00,2026-07-28 03:50 (Local Time),KANNAVIOU,,,,,1,6,21.5,,24.3,20.6,,4.7,,,,,,,40.0,0.0,,,,,
2026-07-28T01:00:00+00:00,2026-07-28T01:02:59.564867+00:00,2026-07-28T01:02:59.564867+00:00,2026-07-28 03:50 (Local Time),KATHIKAS,,,,,1,6,25.5,,25.5,21.1,,,,,,,,,29.0,0.0,,,,,"{""Accumulated Rainfall (24 hours)"": {""unit"": ""mm"", ""value"": 0.0}}"
2026-07-28T01:00:00+00:00,2026-07-28T01:02:59.564867+00:00,2026-07-28T01:02:59.564867+00:00,2026-07-28 03:50 (Local Time),KEPNIC,,,,,1,1,,,,,,,,,,,,,,0.0,,,,,
2026-07-28T01:00:00+00:00,2026-07-28T01:02:59.564867+00:00,2026-07-28T01:02:59.564867+00:00,2026-07-28 03:50 (Local Time),KILANI,,,,,1,7,20.1,,23.5,19.3,,1.0,,2.0,,,,,29.0,0.0,,,,,
2026-07-28T01:00:00+00:00,2026-07-28T01:02:59.564867+00:00,2026-07-28T01:02:59.564867+00:00,2026-07-28 03:50 (Local Time),KORNOS,,,,,1,3,24.9,,,,,,,,,,,,31.0,0.0,,,,,
2026-07-28T01:00:00+00:00,2026-07-28T01:02:59.564867+00:00,2026-07-28T01:02:59.564867+00:00,2026-07-28 03:50 (Local Time),KOURIS,,,,,1,8,25.5,,29.2,25.2,9.3,3.2,,,18.0,,,,30.0,0.0,,,4.784329,,
2026-07-28T01:00:00+00:00,2026-07-28T01:02:59.564867+00:00,2026-07-28T01:02:59.564867+00:00,2026-07-28 03:50 (Local Time),KPYRGOS,,,,,1,8,23.4,,26.4,22.7,5.2,1.8,,,164.0,,,,40.0,0.0,,,2.675109,,
2026-07-28T01:00:00+00:00,2026-07-28T01:02:59.564867+00:00,2026-07-28T01:02:59.564867+00:00,2026-07-28 03:50 (Local Time),KYPEROUNTA,,,,,1,6,21.8,,22.4,19.4,,5.1,,0.0,,,,,31.0,,,,,,
2026-07-28T01:00:00+00:00,2026-07-28T01:02:59.564867+00:00,2026-07-28T01:02:59.564867+00:00,2026-07-28 03:50 (Local Time),LCLK,,,,,1,9,23.8,,27.4,23.2,,0.5,,,,,,,58.0,0.0,,,,,"{""Atmospheric Pressure (QNH)"": {""unit"": ""hPa"", ""value"": 1007.8}, ""Wind Direction (10m) at Runway 22"": {""unit"": ""Degrees"", ""value"": 249.0}, ""Wind Speed (10m) at Runway 22"": {""unit"": ""Knots"", ""value"": 4.0}}"
2026-07-28T01:00:00+00:00,2026-07-28T01:02:59.564867+00:00,2026-07-28T01:02:59.564867+00:00,2026-07-28 03:50 (Local Time),LCPH,,,,,1,9,23.4,,27.3,22.8,,0.5,,,,,,,57.0,0.0,,,,,"{""Atmospheric Pressure (QNH)"": {""unit"": ""hPa"", ""value"": 1008.3}, ""Wind Direction (10m) at Runway 29"": {""unit"": ""Degrees"", ""value"": 357.0}, ""Wind Speed (10m) at Runway 29"": {""unit"": ""Knots"", ""value"": 3.4}}"
2026-07-28T01:00:00+00:00,2026-07-28T01:02:59.564867+00:00,2026-07-28T01:02:59.564867+00:00,2026-07-28 03:50 (Local Time),LEFKARA,,,,,1,6,18.9,,24.9,18.9,,0.2,,,,,,,52.0,0.0,,,,,
2026-07-28T01:00:00+00:00,2026-07-28T01:02:59.564867+00:00,2026-07-28T01:02:59.564867+00:00,2026-07-28 03:50 (Local Time),LEFKOSIA,,,,,1,7,22.3,,26.4,22.2,,0.6,,,,,,,48.0,0.0,,,,,"{""Accumulated Rainfall (24 hours)"": {""unit"": ""mm"", ""value"": 0.0}}"
2026-07-28T01:00:00+00:00,2026-07-28T01:02:59.564867+00:00,2026-07-28T01:02:59.564867+00:00,2026-07-28 03:50 (Local Time),LIMASSOL,,,,,1,10,21.3,,25.7,21.2,,0.4,,0.0,,,,,76.0,0.0,1007.0,,,,"{""Wind Direction (10m) at Port Gate"": {""unit"": ""Degrees"", ""value"": 17.0}, ""Wind Speed (10m) at Port Gate"": {""unit"": ""Knots"", ""value"": 1.6}}"
2026-07-28T01:00:00+00:00,2026-07-28T01:02:59.564867+00:00,2026-07-28T01:02:59.564867+00:00,2026-07-28 03:50 (Local Time),LINOU,,,,,1,9,24.7,,25.1,23.5,4.5,1.7,,,181.0,,,,33.0,0.0,963.1,,2.314998,,
2026-07-28T01:00:00+00:00,2026-07-28T01:02:59.564867+00:00,2026-07-28T01:02:59.564867+00:00,2026-07-28 03:50 (Local Time),LYSOS,,,,,1,7,22.6,,22.7,18.9,5.3,,,,359.0,,,,32.0,0.0,,,2.726553,,
2026-07-28T01:00:00+00:00,2026-07-28T01:02:59.564867+00:00,2026-07-28T01:02:59.564867+00:00,2026-07-28 03:50 (Local Time),MALLIA,,,,,1,10,20.5,16.4,22.7,19.8,1.3,0.6,,11.0,98.0,,,,39.0,0.0,,,0.668777,,
2026-07-28T01:00:00+00:00,2026-07-28T01:02:59.564867+00:00,2026-07-28T01:02:59.564867+00:00,2026-07-28 03:50 (Local Time),MAMMARI,,,,,1,10,23.6,,26.8,23.2,,3.1,,68.0,,,,,37.0,0.0,,,,,"{""Atmospheric Pressure (QNH)"": {""unit"": ""hPa"", ""value"": 1009.6}, ""Wind Direction (10m) at Runway 12"": {""unit"": ""Degrees"", ""value"": 242.0}, ""Wind Speed (10m) at Runway 12"": {""unit"": ""Knots"", ""value"": 7.7}}"
2026-07-28T01:00:00+00:00,2026-07-28T01:02:59.564867+00:00,2026-07-28T01:02:59.564867+00:00,2026-07-28 03:50 (Local Time),MATHIATIS,,,,,1,10,21.0,,24.1,20.8,2.3,0.5,4.0,0.0,286.0,,,,39.0,0.0,,,1.183221,,
2026-07-28T01:00:00+00:00,2026-07-28T01:02:59.564867+00:00,2026-07-28T01:02:59.564867+00:00,2026-07-28 03:50 (Local Time),PANAGIA_BRIDGE,,,,,1,6,16.6,17.3,23.7,16.6,,,,,,,,,56.0,0.0,,,,,
2026-07-28T01:00:00+00:00,2026-07-28T01:02:59.564867+00:00,2026-07-28T01:02:59.564867+00:00,2026-07-28 03:50 (Local Time),PAPHOS,,,,,1,8,23.0,,25.5,23.0,1.3,0.7,,,355.0,,,,60.0,0.0,,,0.668777,,
2026-07-28T01:00:00+00:00,2026-07-28T01:02:59.564867+00:00,2026-07-28T01:02:59.564867+00:00,2026-07-28 03:50 (Local Time),PAREKLISIA,,,,,1,7,21.5,,25.3,21.5,2.1,,,,33.0,,,,52.0,0.0,,,1.080332,,
2026-07-28T01:00:00+00:00,2026-07-28T01:02:59.564867+00:00,2026-07-28T01:02:59.564867+00:00,2026-07-28 03:50 (Local Time),PENTAKOMO,,,,,1,8,23.9,,25.9,23.2,6.3,2.1,,,303.0,,,,59.0,0.0,,,3.240997,,
2026-07-28T01:00:00+00:00,2026-07-28T01:02:59.564867+00:00,2026-07-28T01:02:59.564867+00:00,2026-07-28 03:50 (Local Time),PLATANIA,,,,,1,6,21.7,,22.7,17.3,,0.4,,,,,,,26.0,0.0,,,,,
2026-07-28T01:00:00+00:00,2026-07-28T01:02:59.564867+00:00,2026-07-28T01:02:59.564867+00:00,2026-07-28 03:50 (Local Time),POLIS,,,,,1,11,23.0,,26.3,22.8,6.6,1.4,4.0,,153.0,,,,49.0,0.0,1004.9,,3.39533,,"{""Atmospheric Pressure (Mean Sea Level)"": {""unit"": ""hPa"", ""value"": 1007.6}}"
2026-07-28T01:00:00+00:00,2026-07-28T01:02:59.564867+00:00,2026-07-28T01:02:59.564867+00:00,2026-07-28 03:50 (Local Time),POLYSTYPOS,,,,,1,8,22.9,,23.8,20.6,4.5,1.8,,,2.0,,,,27.0,0.0,,,2.314998,,
2026-07-28T01:00:00+00:00,2026-07-28T01:02:59.564867+00:00,2026-07-28T01:02:59.564867+00:00,2026-07-28 03:50 (Local Time),PRODROMOS,,,,,1,9,21.5,,21.6,17.1,16.3,4.1,,0.0,70.0,,,,24.0,0.0,,,8.385437,,
2026-07-28T01:00:00+00:00,2026-07-28T01:02:59.564867+00:00,2026-07-28T01:02:59.564867+00:00,2026-07-28 03:50 (Local Time),PYRGOS,,,,,1,5,25.3,,,,6.7,,,,221.6,,,,28.0,0.0,,,3.446775,,
2026-07-28T01:00:00+00:00,2026-07-28T01:02:59.564867+00:00,2026-07-28T01:02:59.564867+00:00,2026-07-28 03:50 (Local Time),SAITTAS,,,,,1,5,19.6,,23.3,19.2,,,,,,,,,39.0,0.0,,,,,
2026-07-28T01:00:00+00:00,2026-07-28T01:02:59.564867+00:00,2026-07-28T01:02:59.564867+00:00,2026-07-28 03:50 (Local Time),TAMASOS,,,,,1,9,25.9,25.0,26.4,24.6,3.3,0.9,,,281.0,,,,28.0,0.0,,,1.697665,,
2026-07-28T01:00:00+00:00,2026-07-28T01:02:59.564867+00:00,2026-07-28T01:02:59.564867+00:00,2026-07-28 03:50 (Local Time),TEPAK,,,,,1,9,21.8,,26.0,21.6,1.5,0.0,,,342.0,,,,58.0,0.0,,,0.771666,,"{""Accumulated Rainfall (24 hours)"": {""unit"": ""mm"", ""value"": 0.0}}"
2026-07-28T01:00:00+00:00,2026-07-28T01:02:59.564867+00:00,2026-07-28T01:02:59.564867+00:00,2026-07-28 03:50 (Local Time),TRIPILOS,,,,,1,7,20.2,,21.8,19.8,1.7,,,,234.0,,,,33.0,0.0,,,0.874555,,
2026-07-28T01:00:00+00:00,2026-07-28T01:02:59.564867+00:00,2026-07-28T01:02:59.564867+00:00,2026-07-28 03:50 (Local Time),TROODOS,,,,,1,9,18.9,,19.5,18.3,12.9,3.6,,,350.0,,,,25.0,0.0,827.4,,6.636328,,
2026-07-28T01:00:00+00:00,2026-07-28T01:02:59.564867+00:00,2026-07-28T01:02:59.564867+00:00,2026-07-28 03:50 (Local Time),VISITOR,,,,,1,7,25.4,,28.4,25.1,3.3,,,,263.0,,,,40.0,0.0,,,1.697665,,
2026-07-28T01:00:00+00:00,2026-07-28T01:02:59.564867+00:00,2026-07-28T01:02:59.564867+00:00,2026-07-28 03:50 (Local Time),XYLIATOS,,,,,1,8,24.7,,25.3,21.4,2.9,,,6.0,205.0,,,,32.0,0.0,,,1.491888,,
2026-07-28T01:00:00+00:00,2026-07-28T01:02:59.564867+00:00,2026-07-28T01:02:59.564867+00:00,2026-07-28 03:50 (Local Time),XYLOPHAGOU,,,,,1,9,24.5,24.1,26.3,24.3,5.3,1.7,,,253.0,,,,45.0,0.0,,,2.726553,,
2026-07-28T01:00:00+00:00,2026-07-28T01:02:59.564867+00:00,2026-07-28T01:02:59.564867+00:00,2026-07-28 03:50 (Local Time),ZYGI,,,,,1,9,19.7,19.0,24.3,18.5,1.7,0.4,,,322.0,,,,56.0,0.0,,,0.874555,,
2026-07-28T04:10:00+00:00,2026-07-28T04:17:58.270666+00:00,2026-07-28T04:17:58.270666+00:00,2026-07-28 07:10 (Local Time),ACHNA,,,,,1,8,25.3,,26.3,20.9,1.1,0.5,,,196.0,,,,36.0,0.0,,,0.565888,,
2026-07-28T04:10:00+00:00,2026-07-28T04:17:58.270666+00:00,2026-07-28T04:17:58.270666+00:00,2026-07-28 07:10 (Local Time),AGROS,,,,,1,10,24.7,,25.0,20.7,8.7,3.9,509.0,86.0,347.0,,,,23.0,0.0,,,4.475663,,
2026-07-28T04:10:00+00:00,2026-07-28T04:17:58.270666+00:00,2026-07-28T04:17:58.270666+00:00,2026-07-28 07:10 (Local Time),AKAMAS,,,,,1,7,28.7,,28.9,21.6,1.8,,,,19.0,,,,25.0,0.0,,,0.925999,,
2026-07-28T04:10:00+00:00,2026-07-28T04:17:58.270666+00:00,2026-07-28T04:17:58.270666+00:00,2026-07-28 07:10 (Local Time),ALONOUDI,,,,,1,5,18.8,,24.4,16.7,,,,,,,,,48.0,0.0,,,,,
2026-07-28T04:10:00+00:00,2026-07-28T04:17:58.270666+00:00,2026-07-28T04:17:58.270666+00:00,2026-07-28 07:10 (Local Time),AMARGETI,,,,,1,9,24.6,,27.0,21.1,8.4,2.3,,,320.0,,,,32.0,0.0,958.5,,4.32133,,
2026-07-28T04:10:00+00:00,2026-07-28T04:17:58.270666+00:00,2026-07-28T04:17:58.270666+00:00,2026-07-28 07:10 (Local Time),ASTROMERITIS,,,,,1,8,26.6,,27.0,22.5,2.3,0.9,,,174.0,,,,26.0,0.0,,,1.183221,,
2026-07-28T04:10:00+00:00,2026-07-28T04:17:58.270666+00:00,2026-07-28T04:17:58.270666+00:00,2026-07-28 07:10 (Local Time),ATHALASSA,,,,,1,11,26.7,27.5,27.9,24.9,6.4,2.4,,,274.0,,,,30.0,0.0,990.0,,3.292442,,"{""Atmospheric Pressure (Mean Sea Level)"": {""unit"": ""hPa"", ""value"": 1008.5}}"
2026-07-28T04:10:00+00:00,2026-07-28T04:17:58.270666+00:00,2026-07-28T04:17:58.270666+00:00,2026-07-28 07:10 (Local Time),ATHIENOU,,,,,1,9,27.8,29.0,28.0,23.5,5.6,1.5,,,242.0,,,,26.0,0.0,,,2.880886,,
2026-07-28T04:10:00+00:00,2026-07-28T04:17:58.270666+00:00,2026-07-28T04:17:58.270666+00:00,2026-07-28 07:10 (Local Time),AVDIMOU,,,,,1,11,18.4,17.4,28.4,16.3,1.5,0.0,270.0,112.0,354.0,,,,63.0,0.0,,,0.771666,,
2026-07-28T04:10:00+00:00,2026-07-28T04:17:58.270666+00:00,2026-07-28T04:17:58.270666+00:00,2026-07-28 07:10 (Local Time),CAVO_GRECO,,,,,1,9,27.2,,27.3,23.3,7.0,2.2,,,255.0,,,,42.0,0.0,1001.1,,3.601108,,
2026-07-28T04:10:00+00:00,2026-07-28T04:17:58.270666+00:00,2026-07-28T04:17:58.270666+00:00,2026-07-28 07:10 (Local Time),CHROMIO,,,,,1,9,19.1,,19.1,17.3,4.8,0.6,,,88.0,,,,26.0,0.0,,,2.469331,,"{""Snow Depth"": {""unit"": ""cm"", ""value"": 0.0}}"
2026-07-28T04:10:00+00:00,2026-07-28T04:17:58.270666+00:00,2026-07-28T04:17:58.270666+00:00,2026-07-28 07:10 (Local Time),CYTASAT,,,,,1,10,21.4,,25.0,15.0,0.8,0.5,,,96.0,,,,48.0,0.0,983.1,,0.411555,,"{""Atmospheric Pressure (Mean Sea Level)"": {""unit"": ""hPa"", ""value"": 1009.7}}"
2026-07-28T04:10:00+00:00,2026-07-28T04:17:58.270666+00:00,2026-07-28T04:17:58.270666+00:00,2026-07-28 07:10 (Local Time),EPTAGONEIA,,,,,1,8,26.1,,26.5,18.3,5.1,1.1,,,353.0,,,,25.0,0.0,,,2.623664,,
2026-07-28T04:10:00+00:00,2026-07-28T04:17:58.270666+00:00,2026-07-28T04:17:58.270666+00:00,2026-07-28 07:10 (Local Time),FANEROMENI,,,,,1,4,25.4,,,,,,,,,,,,42.0,0.0,,,,,"{""Rain Intensity (10 min.)"": {""unit"": ""mm/min"", ""value"": 0.0}}"
2026-07-28T04:10:00+00:00,2026-07-28T04:17:58.270666+00:00,2026-07-28T04:17:58.270666+00:00,2026-07-28 07:10 (Local Time),FARMAKAS,,,,,1,10,20.9,,21.3,18.3,0.5,0.4,9.0,8.0,62.0,,,,39.0,0.0,,,0.257222,,
2026-07-28T04:10:00+00:00,2026-07-28T04:17:58.270666+00:00,2026-07-28T04:17:58.270666+00:00,2026-07-28 07:10 (Local Time),FRENAROS,,,,,1,11,27.1,27.7,27.3,23.9,3.3,1.4,,184.0,235.0,,,,39.0,0.0,998.3,,1.697665,,
2026-07-28T04:10:00+00:00,2026-07-28T04:17:58.270666+00:00,2026-07-28T04:17:58.270666+00:00,2026-07-28 07:10 (Local Time),KALAVASOS,,,,,1,5,22.5,,26.0,20.8,,,,,,,,,41.0,0.0,,,,,
2026-07-28T04:10:00+00:00,2026-07-28T04:17:58.270666+00:00,2026-07-28T04:17:58.270666+00:00,2026-07-28 07:10 (Local Time),KALOPANAYIOTIS,,,,,1,9,19.9,,21.5,18.5,5.1,1.3,,11.0,157.0,,,,40.0,0.0,,,2.623664,,
2026-07-28T04:10:00+00:00,2026-07-28T04:17:58.270666+00:00,2026-07-28T04:17:58.270666+00:00,2026-07-28 07:10 (Local Time),KAMPOS,,,,,1,11,27.0,24.3,27.4,23.5,2.8,0.9,516.0,48.0,282.0,,,,26.0,0.0,,,1.440443,,
2026-07-28T04:10:00+00:00,2026-07-28T04:17:58.270666+00:00,2026-07-28T04:17:58.270666+00:00,2026-07-28 07:10 (Local Time),KANNAVIOU,,,,,1,6,22.8,,24.3,20.6,,4.2,,,,,,,35.0,0.0,,,,,
2026-07-28T04:10:00+00:00,2026-07-28T04:17:58.270666+00:00,2026-07-28T04:17:58.270666+00:00,2026-07-28 07:10 (Local Time),KATHIKAS,,,,,1,6,26.5,,26.5,21.1,,,,,,,,,30.0,0.0,,,,,"{""Accumulated Rainfall (24 hours)"": {""unit"": ""mm"", ""value"": 0.0}}"
2026-07-28T04:10:00+00:00,2026-07-28T04:17:58.270666+00:00,2026-07-28T04:17:58.270666+00:00,2026-07-28 07:10 (Local Time),KEPNIC,,,,,1,1,,,,,,,,,,,,,,0.0,,,,,
2026-07-28T04:10:00+00:00,2026-07-28T04:17:58.270666+00:00,2026-07-28T04:17:58.270666+00:00,2026-07-28 07:10 (Local Time),KILANI,,,,,1,7,23.8,,24.2,19.3,,0.8,,194.0,,,,,30.0,0.0,,,,,
2026-07-28T04:10:00+00:00,2026-07-28T04:17:58.270666+00:00,2026-07-28T04:17:58.270666+00:00,2026-07-28 07:10 (Local Time),KORNOS,,,,,1,3,30.0,,,,,,,,,,,,22.0,0.0,,,,,
2026-07-28T04:10:00+00:00,2026-07-28T04:17:58.270666+00:00,2026-07-28T04:17:58.270666+00:00,2026-07-28 07:10 (Local Time),KOURIS,,,,,1,8,26.1,,29.2,22.5,7.3,3.0,,,15.0,,,,26.0,0.0,,,3.755441,,
2026-07-28T04:10:00+00:00,2026-07-28T04:17:58.270666+00:00,2026-07-28T04:17:58.270666+00:00,2026-07-28 07:10 (Local Time),KPYRGOS,,,,,1,8,23.9,,26.4,21.7,4.9,1.5,,,148.0,,,,43.0,0.0,,,2.520776,,
2026-07-28T04:10:00+00:00,2026-07-28T04:17:58.270666+00:00,2026-07-28T04:17:58.270666+00:00,2026-07-28 07:10 (Local Time),KYPEROUNTA,,,,,1,6,22.2,,22.7,19.4,,3.2,,190.0,,,,,25.0,,,,,,
2026-07-28T04:10:00+00:00,2026-07-28T04:17:58.270666+00:00,2026-07-28T04:17:58.270666+00:00,2026-07-28 07:10 (Local Time),LCLK,,,,,1,9,27.4,,27.6,20.9,,0.8,,,,,,,45.0,0.0,,,,,"{""Atmospheric Pressure (QNH)"": {""unit"": ""hPa"", ""value"": 1008.1}, ""Wind Direction (10m) at Runway 22"": {""unit"": ""Degrees"", ""value"": 248.0}, ""Wind Speed (10m) at Runway 22"": {""unit"": ""Knots"", ""value"": 2.7}}"
2026-07-28T04:10:00+00:00,2026-07-28T04:17:58.270666+00:00,2026-07-28T04:17:58.270666+00:00,2026-07-28 07:10 (Local Time),LCPH,,,,,1,9,25.5,,27.3,21.7,,1.4,,,,,,,68.0,0.0,,,,,"{""Atmospheric Pressure (QNH)"": {""unit"": ""hPa"", ""value"": 1008.4}, ""Wind Direction (10m) at Runway 29"": {""unit"": ""Degrees"", ""value"": 291.0}, ""Wind Speed (10m) at Runway 29"": {""unit"": ""Knots"", ""value"": 4.7}}"
2026-07-28T04:10:00+00:00,2026-07-28T04:17:58.270666+00:00,2026-07-28T04:17:58.270666+00:00,2026-07-28 07:10 (Local Time),LEFKARA,,,,,1,6,23.3,,24.9,18.6,,0.4,,,,,,,37.0,0.0,,,,,
2026-07-28T04:10:00+00:00,2026-07-28T04:17:58.270666+00:00,2026-07-28T04:17:58.270666+00:00,2026-07-28 07:10 (Local Time),LEFKOSIA,,,,,1,7,23.9,,26.4,21.3,,0.6,,,,,,,43.0,0.0,,,,,"{""Accumulated Rainfall (24 hours)"": {""unit"": ""mm"", ""value"": 0.0}}"
2026-07-28T04:10:00+00:00,2026-07-28T04:17:58.270666+00:00,2026-07-28T04:17:58.270666+00:00,2026-07-28 07:10 (Local Time),LIMASSOL,,,,,1,10,23.7,,25.7,19.9,,0.0,,161.0,,,,,50.0,0.0,1007.2,,,,"{""Wind Direction (10m) at Port Gate"": {""unit"": ""Degrees"", ""value"": 340.0}, ""Wind Speed (10m) at Port Gate"": {""unit"": ""Knots"", ""value"": 0.0}}"
2026-07-28T04:10:00+00:00,2026-07-28T04:17:58.270666+00:00,2026-07-28T04:17:58.270666+00:00,2026-07-28 07:10 (Local Time),LINOU,,,,,1,9,28.6,,28.9,23.5,3.8,1.2,,,183.0,,,,26.0,0.0,963.1,,1.954887,,
2026-07-28T04:10:00+00:00,2026-07-28T04:17:58.270666+00:00,2026-07-28T04:17:58.270666+00:00,2026-07-28 07:10 (Local Time),LYSOS,,,,,1,7,27.5,,27.6,18.9,5.2,,,,23.0,,,,28.0,0.0,,,2.675109,,
2026-07-28T04:10:00+00:00,2026-07-28T04:17:58.270666+00:00,2026-07-28T04:17:58.270666+00:00,2026-07-28 07:10 (Local Time),MALLIA,,,,,1,10,21.4,22.2,22.7,18.8,3.1,1.0,,207.0,53.0,,,,35.0,0.0,,,1.594776,,
2026-07-28T04:10:00+00:00,2026-07-28T04:17:58.270666+00:00,2026-07-28T04:17:58.270666+00:00,2026-07-28 07:10 (Local Time),MAMMARI,,,,,1,10,25.3,,26.8,21.2,,3.8,,263.0,,,,,33.0,0.0,,,,,"{""Atmospheric Pressure (QNH)"": {""unit"": ""hPa"", ""value"": 1009.7}, ""Wind Direction (10m) at Runway 12"": {""unit"": ""Degrees"", ""value"": 235.0}, ""Wind Speed (10m) at Runway 12"": {""unit"": ""Knots"", ""value"": 8.8}}"
2026-07-28T04:10:00+00:00,2026-07-28T04:17:58.270666+00:00,2026-07-28T04:17:58.270666+00:00,2026-07-28 07:10 (Local Time),MATHIATIS,,,,,1,10,27.8,,28.1,20.1,2.5,0.5,114.0,120.0,306.0,,,,28.0,0.0,,,1.28611,,
2026-07-28T04:10:00+00:00,2026-07-28T04:17:58.270666+00:00,2026-07-28T04:17:58.270666+00:00,2026-07-28 07:10 (Local Time),PANAGIA_BRIDGE,,,,,1,6,18.6,19.2,23.7,16.4,,,,,,,,,48.0,0.0,,,,,
2026-07-28T04:10:00+00:00,2026-07-28T04:17:58.270666+00:00,2026-07-28T04:17:58.270666+00:00,2026-07-28 07:10 (Local Time),PAPHOS,,,,,1,8,24.2,,25.5,22.8,3.2,1.8,,,330.0,,,,69.0,0.0,,,1.646221,,
2026-07-28T04:10:00+00:00,2026-07-28T04:17:58.270666+00:00,2026-07-28T04:17:58.270666+00:00,2026-07-28 07:10 (Local Time),PAREKLISIA,,,,,1,7,24.5,,25.3,20.9,0.0,,,,7.0,,,,42.0,0.0,,,0.0,,
2026-07-28T04:10:00+00:00,2026-07-28T04:17:58.270666+00:00,2026-07-28T04:17:58.270666+00:00,2026-07-28 07:10 (Local Time),PENTAKOMO,,,,,1,8,26.3,,26.6,22.8,3.8,1.4,,,278.0,,,,54.0,0.0,,,1.954887,,
2026-07-28T04:10:00+00:00,2026-07-28T04:17:58.270666+00:00,2026-07-28T04:17:58.270666+00:00,2026-07-28 07:10 (Local Time),PLATANIA,,,,,1,6,21.6,,22.7,17.3,,0.2,,,,,,,30.0,0.0,,,,,
2026-07-28T04:10:00+00:00,2026-07-28T04:17:58.270666+00:00,2026-07-28T04:17:58.270666+00:00,2026-07-28 07:10 (Local Time),POLIS,,,,,1,11,24.7,,26.3,21.7,4.3,1.1,621.0,,150.0,,,,40.0,0.0,1005.3,,2.212109,,"{""Atmospheric Pressure (Mean Sea Level)"": {""unit"": ""hPa"", ""value"": 1008.0}}"
2026-07-28T04:10:00+00:00,2026-07-28T04:17:58.270666+00:00,2026-07-28T04:17:58.270666+00:00,2026-07-28 07:10 (Local Time),POLYSTYPOS,,,,,1,8,24.7,,25.0,20.6,3.1,1.3,,,353.0,,,,22.0,0.0,,,1.594776,,
2026-07-28T04:10:00+00:00,2026-07-28T04:17:58.270666+00:00,2026-07-28T04:17:58.270666+00:00,2026-07-28 07:10 (Local Time),PRODROMOS,,,,,1,9,21.6,,22.0,17.1,13.4,3.3,,5.0,71.0,,,,23.0,0.0,,,6.89355,,
2026-07-28T04:10:00+00:00,2026-07-28T04:17:58.270666+00:00,2026-07-28T04:17:58.270666+00:00,2026-07-28 07:10 (Local Time),PYRGOS,,,,,1,5,27.0,,,,2.3,,,,271.6,,,,26.0,0.0,,,1.183221,,
2026-07-28T04:10:00+00:00,2026-07-28T04:17:58.270666+00:00,2026-07-28T04:17:58.270666+00:00,2026-07-28 07:10 (Local Time),SAITTAS,,,,,1,5,20.8,,23.3,18.8,,,,,,,,,38.0,0.0,,,,,
2026-07-28T04:10:00+00:00,2026-07-28T04:17:58.270666+00:00,2026-07-28T04:17:58.270666+00:00,2026-07-28 07:10 (Local Time),TAMASOS,,,,,1,9,28.7,29.0,28.9,22.5,4.0,1.2,,,243.0,,,,23.0,0.0,,,2.057776,,
2026-07-28T04:10:00+00:00,2026-07-28T04:17:58.270666+00:00,2026-07-28T04:17:58.270666+00:00,2026-07-28 07:10 (Local Time),TEPAK,,,,,1,9,25.3,,26.0,21.2,0.0,0.1,,,343.0,,,,40.0,0.0,,,0.0,,"{""Accumulated Rainfall (24 hours)"": {""unit"": ""mm"", ""value"": 0.0}}"
2026-07-28T04:10:00+00:00,2026-07-28T04:17:58.270666+00:00,2026-07-28T04:17:58.270666+00:00,2026-07-28 07:10 (Local Time),TRIPILOS,,,,,1,7,20.8,,21.8,19.6,1.9,,,,205.0,,,,27.0,0.0,,,0.977444,,
2026-07-28T04:10:00+00:00,2026-07-28T04:17:58.270666+00:00,2026-07-28T04:17:58.270666+00:00,2026-07-28 07:10 (Local Time),TROODOS,,,,,1,9,19.8,,19.9,18.1,5.3,1.6,,,351.0,,,,24.0,0.0,827.8,,2.726553,,
2026-07-28T04:10:00+00:00,2026-07-28T04:17:58.270666+00:00,2026-07-28T04:17:58.270666+00:00,2026-07-28 07:10 (Local Time),VISITOR,,,,,1,7,27.2,,28.4,25.1,3.7,,,,257.0,,,,32.0,0.0,,,1.903443,,
2026-07-28T04:10:00+00:00,2026-07-28T04:17:58.270666+00:00,2026-07-28T04:17:58.270666+00:00,2026-07-28 07:10 (Local Time),XYLIATOS,,,,,1,8,26.6,,26.8,21.4,1.5,,,69.0,212.0,,,,25.0,0.0,,,0.771666,,
2026-07-28T04:10:00+00:00,2026-07-28T04:17:58.270666+00:00,2026-07-28T04:17:58.270666+00:00,2026-07-28 07:10 (Local Time),XYLOPHAGOU,,,,,1,9,26.6,29.8,26.7,22.7,7.0,2.3,,,218.0,,,,68.0,0.0,,,3.601108,,
2026-07-28T04:10:00+00:00,2026-07-28T04:17:58.270666+00:00,2026-07-28T04:17:58.270666+00:00,2026-07-28 07:10 (Local Time),ZYGI,,,,,1,9,21.0,21.2,24.3,17.5,1.5,0.1,,,305.0,,,,56.0,0.0,,,0.771666,,
2026-07-28T06:40:00+00:00,2026-07-28T06:46:06.865370+00:00,2026-07-28T06:46:06.865370+00:00,2026-07-28 09:40 (Local Time),ACHNA,,,,,1,8,31.5,,31.8,20.9,6.1,1.9,,,169.0,,,,45.0,0.0,,,3.138108,,
2026-07-28T06:40:00+00:00,2026-07-28T06:46:06.865370+00:00,2026-07-28T06:46:06.865370+00:00,2026-07-28 09:40 (Local Time),AGROS,,,,,1,10,28.6,,29.2,20.7,5.2,2.4,805.0,623.0,359.0,,,,19.0,0.0,,,2.675109,,
2026-07-28T06:40:00+00:00,2026-07-28T06:46:06.865370+00:00,2026-07-28T06:46:06.865370+00:00,2026-07-28 09:40 (Local Time),AKAMAS,,,,,1,7,29.3,,32.7,21.6,4.1,,,,289.0,,,,62.0,0.0,,,2.10922,,
2026-07-28T06:40:00+00:00,2026-07-28T06:46:06.865370+00:00,2026-07-28T06:46:06.865370+00:00,2026-07-28 09:40 (Local Time),ALONOUDI,,,,,1,5,34.2,,34.5,16.7,,,,,,,,,16.0,0.0,,,,,
2026-07-28T06:40:00+00:00,2026-07-28T06:46:06.865370+00:00,2026-07-28T06:46:06.865370+00:00,2026-07-28 09:40 (Local Time),AMARGETI,,,,,1,9,32.9,,33.2,21.1,5.6,2.3,,,290.0,,,,20.0,0.0,958.5,,2.880886,,
2026-07-28T06:40:00+00:00,2026-07-28T06:46:06.865370+00:00,2026-07-28T06:46:06.865370+00:00,2026-07-28 09:40 (Local Time),ASTROMERITIS,,,,,1,8,33.8,,33.9,22.5,4.9,2.0,,,307.0,,,,20.0,0.0,,,2.520776,,
2026-07-28T06:40:00+00:00,2026-07-28T06:46:06.865370+00:00,2026-07-28T06:46:06.865370+00:00,2026-07-28 09:40 (Local Time),ATHALASSA,,,,,1,11,34.8,37.9,35.1,24.9,3.8,2.1,,,286.0,,,,17.0,0.0,990.0,,1.954887,,"{""Atmospheric Pressure (Mean Sea Level)"": {""unit"": ""hPa"", ""value"": 1007.9}}"
2026-07-28T06:40:00+00:00,2026-07-28T06:46:06.865370+00:00,2026-07-28T06:46:06.865370+00:00,2026-07-28 09:40 (Local Time),ATHIENOU,,,,,1,9,33.9,43.6,34.2,23.5,7.4,1.5,,,314.0,,,,19.0,0.0,,,3.806886,,
2026-07-28T06:40:00+00:00,2026-07-28T06:46:06.865370+00:00,2026-07-28T06:46:06.865370+00:00,2026-07-28 09:40 (Local Time),AVDIMOU,,,,,1,11,30.6,43.3,30.9,16.3,2.4,1.3,758.0,665.0,128.0,,,,40.0,0.0,,,1.234666,,
2026-07-28T06:40:00+00:00,2026-07-28T06:46:06.865370+00:00,2026-07-28T06:46:06.865370+00:00,2026-07-28 09:40 (Local Time),CAVO_GRECO,,,,,1,9,28.8,,28.8,23.3,7.9,3.3,,,230.0,,,,68.0,0.0,1001.3,,4.064108,,
2026-07-28T06:40:00+00:00,2026-07-28T06:46:06.865370+00:00,2026-07-28T06:46:06.865370+00:00,2026-07-28 09:40 (Local Time),CHROMIO,,,,,1,9,23.3,,23.4,17.3,7.9,2.4,,,51.0,,,,23.0,0.0,,,4.064108,,"{""Snow Depth"": {""unit"": ""cm"", ""value"": 0.0}}"
2026-07-28T06:40:00+00:00,2026-07-28T06:46:06.865370+00:00,2026-07-28T06:46:06.865370+00:00,2026-07-28 09:40 (Local Time),CYTASAT,,,,,1,10,35.5,,35.7,15.0,3.4,1.5,,,14.0,,,,18.0,0.0,982.9,,1.74911,,"{""Atmospheric Pressure (Mean Sea Level)"": {""unit"": ""hPa"", ""value"": 1008.4}}"
2026-07-28T06:40:00+00:00,2026-07-28T06:46:06.865370+00:00,2026-07-28T06:46:06.865370+00:00,2026-07-28 09:40 (Local Time),EPTAGONEIA,,,,,1,8,33.2,,33.3,18.3,4.5,1.6,,,317.0,,,,17.0,0.0,,,2.314998,,
2026-07-28T06:40:00+00:00,2026-07-28T06:46:06.865370+00:00,2026-07-28T06:46:06.865370+00:00,2026-07-28 09:40 (Local Time),FANEROMENI,,,,,1,4,32.0,,,,,,,,,,,,42.0,0.0,,,,,"{""Rain Intensity (10 min.)"": {""unit"": ""mm/min"", ""value"": 0.0}}"
2026-07-28T06:40:00+00:00,2026-07-28T06:46:06.865370+00:00,2026-07-28T06:46:06.865370+00:00,2026-07-28 09:40 (Local Time),FARMAKAS,,,,,1,10,32.8,,33.0,18.3,8.4,1.3,729.0,676.0,21.0,,,,18.0,0.0,,,4.32133,,
2026-07-28T06:40:00+00:00,2026-07-28T06:46:06.865370+00:00,2026-07-28T06:46:06.865370+00:00,2026-07-28 09:40 (Local Time),FRENAROS,,,,,1,11,32.7,35.7,33.0,23.9,4.4,1.9,,681.0,190.0,,,,43.0,0.0,998.4,,2.263554,,
2026-07-28T06:40:00+00:00,2026-07-28T06:46:06.865370+00:00,2026-07-28T06:46:06.865370+00:00,2026-07-28 09:40 (Local Time),KALAVASOS,,,,,1,5,35.2,,35.5,20.8,,,,,,,,,30.0,0.0,,,,,
2026-07-28T06:40:00+00:00,2026-07-28T06:46:06.865370+00:00,2026-07-28T06:46:06.865370+00:00,2026-07-28 09:40 (Local Time),KALOPANAYIOTIS,,,,,1,9,32.9,,33.3,18.5,2.0,0.9,,662.0,324.0,,,,17.0,0.0,,,1.028888,,
2026-07-28T06:40:00+00:00,2026-07-28T06:46:06.865370+00:00,2026-07-28T06:46:06.865370+00:00,2026-07-28 09:40 (Local Time),KAMPOS,,,,,1,11,33.6,34.2,34.0,23.5,1.9,1.0,960.0,627.0,86.0,,,,16.0,0.0,,,0.977444,,
2026-07-28T06:40:00+00:00,2026-07-28T06:46:06.865370+00:00,2026-07-28T06:46:06.865370+00:00,2026-07-28 09:40 (Local Time),KANNAVIOU,,,,,1,6,32.6,,32.7,20.6,,2.2,,,,,,,19.0,0.0,,,,,
2026-07-28T06:40:00+00:00,2026-07-28T06:46:06.865370+00:00,2026-07-28T06:46:06.865370+00:00,2026-07-28 09:40 (Local Time),KATHIKAS,,,,,1,6,33.2,,33.4,21.1,,,,,,,,,22.0,0.0,,,,,"{""Accumulated Rainfall (24 hours)"": {""unit"": ""mm"", ""value"": 0.0}}"
2026-07-28T06:40:00+00:00,2026-07-28T06:46:06.865370+00:00,2026-07-28T06:46:06.865370+00:00,2026-07-28 09:40 (Local Time),KEPNIC,,,,,1,1,,,,,,,,,,,,,,0.0,,,,,
2026-07-28T06:40:00+00:00,2026-07-28T06:46:06.865370+00:00,2026-07-28T06:46:06.865370+00:00,2026-07-28 09:40 (Local Time),KILANI,,,,,1,7,30.5,,30.7,19.3,,1.7,,697.0,,,,,17.0,0.0,,,,,
2026-07-28T06:40:00+00:00,2026-07-28T06:46:06.865370+00:00,2026-07-28T06:46:06.865370+00:00,2026-07-28 09:40 (Local Time),KORNOS,,,,,1,3,34.4,,,,,,,,,,,,17.0,0.0,,,,,
2026-07-28T06:40:00+00:00,2026-07-28T06:46:06.865370+00:00,2026-07-28T06:46:06.865370+00:00,2026-07-28 09:40 (Local Time),KOURIS,,,,,1,8,34.0,,34.0,22.5,2.8,0.9,,,198.0,,,,22.0,0.0,,,1.440443,,
2026-07-28T06:40:00+00:00,2026-07-28T06:46:06.865370+00:00,2026-07-28T06:46:06.865370+00:00,2026-07-28 09:40 (Local Time),KPYRGOS,,,,,1,8,29.9,,30.1,21.7,3.0,1.6,,,35.0,,,,53.0,0.0,,,1.543332,,
2026-07-28T06:40:00+00:00,2026-07-28T06:46:06.865370+00:00,2026-07-28T06:46:06.865370+00:00,2026-07-28 09:40 (Local Time),KYPEROUNTA,,,,,1,6,25.1,,25.2,19.4,,4.3,,758.0,,,,,21.0,,,,,,
2026-07-28T06:40:00+00:00,2026-07-28T06:46:06.865370+00:00,2026-07-28T06:46:06.865370+00:00,2026-07-28 09:40 (Local Time),LCLK,,,,,1,9,32.1,,32.2,20.9,,3.3,,,,,,,43.0,0.0,,,,,"{""Atmospheric Pressure (QNH)"": {""unit"": ""hPa"", ""value"": 1008.0}, ""Wind Direction (10m) at Runway 22"": {""unit"": ""Degrees"", ""value"": 184.0}, ""Wind Speed (10m) at Runway 22"": {""unit"": ""Knots"", ""value"": 7.7}}"
2026-07-28T06:40:00+00:00,2026-07-28T06:46:06.865370+00:00,2026-07-28T06:46:06.865370+00:00,2026-07-28 09:40 (Local Time),LCPH,,,,,1,9,26.7,,27.3,21.7,,4.6,,,,,,,73.0,0.0,,,,,"{""Atmospheric Pressure (QNH)"": {""unit"": ""hPa"", ""value"": 1008.3}, ""Wind Direction (10m) at Runway 29"": {""unit"": ""Degrees"", ""value"": 270.0}, ""Wind Speed (10m) at Runway 29"": {""unit"": ""Knots"", ""value"": 12.6}}"
2026-07-28T06:40:00+00:00,2026-07-28T06:46:06.865370+00:00,2026-07-28T06:46:06.865370+00:00,2026-07-28 09:40 (Local Time),LEFKARA,,,,,1,6,34.1,,34.4,18.6,,1.4,,,,,,,16.0,0.0,,,,,
2026-07-28T06:40:00+00:00,2026-07-28T06:46:06.865370+00:00,2026-07-28T06:46:06.865370+00:00,2026-07-28 09:40 (Local Time),LEFKOSIA,,,,,1,7,34.8,,35.2,21.3,,1.7,,,,,,,22.0,0.0,,,,,"{""Accumulated Rainfall (24 hours)"": {""unit"": ""mm"", ""value"": 0.0}}"
2026-07-28T06:40:00+00:00,2026-07-28T06:46:06.865370+00:00,2026-07-28T06:46:06.865370+00:00,2026-07-28 09:40 (Local Time),LIMASSOL,,,,,1,10,29.2,,29.4,19.9,,2.2,,545.0,,,,,46.0,0.0,1007.3,,,,"{""Wind Direction (10m) at Port Gate"": {""unit"": ""Degrees"", ""value"": 97.0}, ""Wind Speed (10m) at Port Gate"": {""unit"": ""Knots"", ""value"": 4.1}}"
2026-07-28T06:40:00+00:00,2026-07-28T06:46:06.865370+00:00,2026-07-28T06:46:06.865370+00:00,2026-07-28 09:40 (Local Time),LINOU,,,,,1,9,34.4,,34.9,23.5,5.9,2.1,,,336.0,,,,23.0,0.0,963.1,,3.03522,,
2026-07-28T06:40:00+00:00,2026-07-28T06:46:06.865370+00:00,2026-07-28T06:46:06.865370+00:00,2026-07-28 09:40 (Local Time),LYSOS,,,,,1,7,33.1,,33.7,18.9,3.7,,,,351.0,,,,25.0,0.0,,,1.903443,,
2026-07-28T06:40:00+00:00,2026-07-28T06:46:06.865370+00:00,2026-07-28T06:46:06.865370+00:00,2026-07-28 09:40 (Local Time),MALLIA,,,,,1,10,33.2,39.2,33.4,18.8,4.7,1.5,,686.0,112.0,,,,18.0,0.0,,,2.417887,,
2026-07-28T06:40:00+00:00,2026-07-28T06:46:06.865370+00:00,2026-07-28T06:46:06.865370+00:00,2026-07-28 09:40 (Local Time),MAMMARI,,,,,1,10,33.8,,34.0,21.2,,2.3,,790.0,,,,,21.0,0.0,,,,,"{""Atmospheric Pressure (QNH)"": {""unit"": ""hPa"", ""value"": 1009.6}, ""Wind Direction (10m) at Runway 12"": {""unit"": ""Degrees"", ""value"": 276.0}, ""Wind Speed (10m) at Runway 12"": {""unit"": ""Knots"", ""value"": 5.3}}"
2026-07-28T06:40:00+00:00,2026-07-28T06:46:06.865370+00:00,2026-07-28T06:46:06.865370+00:00,2026-07-28 09:40 (Local Time),MATHIATIS,,,,,1,10,35.2,,35.4,20.1,6.1,1.4,737.0,666.0,353.0,,,,19.0,0.0,,,3.138108,,
2026-07-28T06:40:00+00:00,2026-07-28T06:46:06.865370+00:00,2026-07-28T06:46:06.865370+00:00,2026-07-28 09:40 (Local Time),PANAGIA_BRIDGE,,,,,1,6,32.3,31.1,32.5,16.4,,,,,,,,,17.0,0.0,,,,,
2026-07-28T06:40:00+00:00,2026-07-28T06:46:06.865370+00:00,2026-07-28T06:46:06.865370+00:00,2026-07-28 09:40 (Local Time),PAPHOS,,,,,1,8,28.3,,28.5,22.8,3.2,1.6,,,302.0,,,,65.0,0.0,,,1.646221,,
2026-07-28T06:40:00+00:00,2026-07-28T06:46:06.865370+00:00,2026-07-28T06:46:06.865370+00:00,2026-07-28 09:40 (Local Time),PAREKLISIA,,,,,1,7,35.0,,35.1,20.9,0.8,,,,191.0,,,,29.0,0.0,,,0.411555,,
2026-07-28T06:40:00+00:00,2026-07-28T06:46:06.865370+00:00,2026-07-28T06:46:06.865370+00:00,2026-07-28 09:40 (Local Time),PENTAKOMO,,,,,1,8,29.8,,30.0,22.8,3.5,1.4,,,201.0,,,,43.0,0.0,,,1.800554,,
2026-07-28T06:40:00+00:00,2026-07-28T06:46:06.865370+00:00,2026-07-28T06:46:06.865370+00:00,2026-07-28 09:40 (Local Time),PLATANIA,,,,,1,6,29.3,,29.5,17.3,,0.4,,,,,,,17.0,0.0,,,,,
2026-07-28T06:40:00+00:00,2026-07-28T06:46:06.865370+00:00,2026-07-28T06:46:06.865370+00:00,2026-07-28 09:40 (Local Time),POLIS,,,,,1,11,29.1,,30.0,21.7,3.8,2.0,984.0,,325.0,,,,64.0,0.0,1005.1,,1.954887,,"{""Atmospheric Pressure (Mean Sea Level)"": {""unit"": ""hPa"", ""value"": 1007.7}}"
2026-07-28T06:40:00+00:00,2026-07-28T06:46:06.865370+00:00,2026-07-28T06:46:06.865370+00:00,2026-07-28 09:40 (Local Time),POLYSTYPOS,,,,,1,8,29.3,,29.5,20.6,3.0,1.4,,,55.0,,,,16.0,0.0,,,1.543332,,
2026-07-28T06:40:00+00:00,2026-07-28T06:46:06.865370+00:00,2026-07-28T06:46:06.865370+00:00,2026-07-28 09:40 (Local Time),PRODROMOS,,,,,1,9,25.2,,25.4,17.1,10.4,3.1,,693.0,58.0,,,,22.0,0.0,,,5.350218,,
2026-07-28T06:40:00+00:00,2026-07-28T06:46:06.865370+00:00,2026-07-28T06:46:06.865370+00:00,2026-07-28 09:40 (Local Time),PYRGOS,,,,,1,5,32.7,,,,2.9,,,,60.3,,,,20.0,0.0,,,1.491888,,
2026-07-28T06:40:00+00:00,2026-07-28T06:46:06.865370+00:00,2026-07-28T06:46:06.865370+00:00,2026-07-28 09:40 (Local Time),SAITTAS,,,,,1,5,32.7,,32.9,18.8,,,,,,,,,21.0,0.0,,,,,
2026-07-28T06:40:00+00:00,2026-07-28T06:46:06.865370+00:00,2026-07-28T06:46:06.865370+00:00,2026-07-28 09:40 (Local Time),TAMASOS,,,,,1,9,33.4,43.0,33.7,22.5,4.3,1.6,,,352.0,,,,15.0,0.0,,,2.212109,,
2026-07-28T06:40:00+00:00,2026-07-28T06:46:06.865370+00:00,2026-07-28T06:46:06.865370+00:00,2026-07-28 09:40 (Local Time),TEPAK,,,,,1,9,29.6,,30.9,21.2,1.9,1.1,,,146.0,,,,41.0,0.0,,,0.977444,,"{""Accumulated Rainfall (24 hours)"": {""unit"": ""mm"", ""value"": 0.0}}"
2026-07-28T06:40:00+00:00,2026-07-28T06:46:06.865370+00:00,2026-07-28T06:46:06.865370+00:00,2026-07-28 09:40 (Local Time),TRIPILOS,,,,,1,7,27.8,,28.1,19.6,1.5,,,,226.0,,,,22.0,0.0,,,0.771666,,
2026-07-28T06:40:00+00:00,2026-07-28T06:46:06.865370+00:00,2026-07-28T06:46:06.865370+00:00,2026-07-28 09:40 (Local Time),TROODOS,,,,,1,9,23.5,,23.7,18.1,9.3,2.3,,,12.0,,,,21.0,0.0,828.0,,4.784329,,
2026-07-28T06:40:00+00:00,2026-07-28T06:46:06.865370+00:00,2026-07-28T06:46:06.865370+00:00,2026-07-28 09:40 (Local Time),VISITOR,,,,,1,7,35.1,,35.4,25.1,2.0,,,,236.0,,,,18.0,0.0,,,1.028888,,
2026-07-28T06:40:00+00:00,2026-07-28T06:46:06.865370+00:00,2026-07-28T06:46:06.865370+00:00,2026-07-28 09:40 (Local Time),XYLIATOS,,,,,1,8,33.5,,34.6,21.4,1.2,,,716.0,326.0,,,,17.0,0.0,,,0.617333,,
2026-07-28T06:40:00+00:00,2026-07-28T06:46:06.865370+00:00,2026-07-28T06:46:06.865370+00:00,2026-07-28 09:40 (Local Time),XYLOPHAGOU,,,,,1,9,29.2,31.5,29.6,22.7,9.3,2.5,,,196.0,,,,62.0,0.0,,,4.784329,,
2026-07-28T06:40:00+00:00,2026-07-28T06:46:06.865370+00:00,2026-07-28T06:46:06.865370+00:00,2026-07-28 09:40 (Local Time),ZYGI,,,,,1,9,31.8,39.4,32.2,17.5,4.5,1.5,,,183.0,,,,32.0,0.0,,,2.314998,,
